-- phpMyAdmin SQL Dump
-- version 5.1.1
-- https://www.phpmyadmin.net/
--
-- Máy chủ: 127.0.0.1:3306
-- Thời gian đã tạo: Th3 16, 2023 lúc 01:29 AM
-- Phiên bản máy phục vụ: 5.7.36
-- Phiên bản PHP: 7.4.26

SET SQL_MODE = "NO_AUTO_VALUE_ON_ZERO";
START TRANSACTION;
SET time_zone = "+00:00";


/*!40101 SET @OLD_CHARACTER_SET_CLIENT=@@CHARACTER_SET_CLIENT */;
/*!40101 SET @OLD_CHARACTER_SET_RESULTS=@@CHARACTER_SET_RESULTS */;
/*!40101 SET @OLD_COLLATION_CONNECTION=@@COLLATION_CONNECTION */;
/*!40101 SET NAMES utf8mb4 */;

--
-- Cơ sở dữ liệu: `board-games`
--

-- --------------------------------------------------------

--
-- Cấu trúc bảng cho bảng `bestsale`
--

DROP TABLE IF EXISTS `bestsale`;
CREATE TABLE IF NOT EXISTS `bestsale` (
  `id` int(11) NOT NULL AUTO_INCREMENT,
  `product_id` int(11) NOT NULL,
  `product_name` varchar(50) COLLATE utf8mb4_unicode_ci NOT NULL,
  `sell_number` int(11) DEFAULT '0',
  `created_at` timestamp NULL DEFAULT CURRENT_TIMESTAMP,
  `updated_at` timestamp NULL DEFAULT CURRENT_TIMESTAMP ON UPDATE CURRENT_TIMESTAMP,
  PRIMARY KEY (`id`)
) ENGINE=InnoDB AUTO_INCREMENT=9 DEFAULT CHARSET=utf8mb4 COLLATE=utf8mb4_unicode_ci;

--
-- Đang đổ dữ liệu cho bảng `bestsale`
--

INSERT INTO `bestsale` (`id`, `product_id`, `product_name`, `sell_number`, `created_at`, `updated_at`) VALUES
(1, 1, 'Conan the last case', 0, '2021-07-24 02:27:10', '2021-07-24 02:27:11'),
(2, 2, 'Bee Smart', 4, '2021-07-24 02:27:25', '2021-07-23 20:16:54'),
(3, 3, 'Brain Connect', 0, '2021-07-24 02:27:25', '2021-07-24 02:27:24'),
(4, 4, 'Cosmic Ebcounter', 0, '2021-07-24 02:27:25', '2021-07-24 02:27:24'),
(5, 5, 'Difference', 6, '2021-07-24 02:27:25', '2021-07-23 20:16:52'),
(6, 6, 'Dragomino', 0, '2021-07-24 02:27:25', '2021-07-24 02:27:24'),
(7, 7, 'Pizza Slice', 0, '2021-07-24 02:27:25', '2021-07-24 02:27:24'),
(8, 8, 'Splendor', 2, '2021-07-24 02:27:25', '2021-07-23 20:16:56');

-- --------------------------------------------------------

--
-- Cấu trúc bảng cho bảng `comment`
--

DROP TABLE IF EXISTS `comment`;
CREATE TABLE IF NOT EXISTS `comment` (
  `id` int(11) NOT NULL AUTO_INCREMENT,
  `user_id` int(11) NOT NULL,
  `product_id` int(11) DEFAULT NULL,
  `role_user` int(11) DEFAULT NULL,
  `comment` varchar(200) COLLATE utf32_unicode_ci DEFAULT NULL,
  `created_at` timestamp NULL DEFAULT CURRENT_TIMESTAMP,
  `updated_at` timestamp NULL DEFAULT CURRENT_TIMESTAMP ON UPDATE CURRENT_TIMESTAMP,
  PRIMARY KEY (`id`)
) ENGINE=MyISAM AUTO_INCREMENT=5 DEFAULT CHARSET=utf32 COLLATE=utf32_unicode_ci;

--
-- Đang đổ dữ liệu cho bảng `comment`
--

INSERT INTO `comment` (`id`, `user_id`, `product_id`, `role_user`, `comment`, `created_at`, `updated_at`) VALUES
(1, 54, 1, 3, 'good product', '2021-09-30 22:13:35', '2021-09-30 22:13:35'),
(2, 76, 1, 3, 'goof product', '2021-11-07 21:57:42', '2021-11-07 21:57:42'),
(3, 81, 4, 3, 'Nice!!!', '2023-03-13 10:38:32', '2023-03-13 10:38:32'),
(4, 81, 4, 3, NULL, '2023-03-13 10:38:35', '2023-03-13 10:38:35');

-- --------------------------------------------------------

--
-- Cấu trúc bảng cho bảng `customer`
--

DROP TABLE IF EXISTS `customer`;
CREATE TABLE IF NOT EXISTS `customer` (
  `id` int(11) NOT NULL AUTO_INCREMENT,
  `name` varchar(150) COLLATE utf32_unicode_ci NOT NULL,
  `phone` varchar(50) COLLATE utf32_unicode_ci NOT NULL,
  `sex` int(11) NOT NULL DEFAULT '0',
  `birth` date DEFAULT NULL,
  `address` varchar(150) COLLATE utf32_unicode_ci DEFAULT NULL,
  `avatar` varchar(150) COLLATE utf32_unicode_ci DEFAULT NULL,
  `user_id` int(11) NOT NULL,
  `point` bigint(20) DEFAULT '0',
  `mark` int(11) NOT NULL DEFAULT '0',
  `status` tinyint(4) NOT NULL DEFAULT '1',
  `created_at` timestamp NULL DEFAULT CURRENT_TIMESTAMP,
  `updated_at` timestamp NULL DEFAULT CURRENT_TIMESTAMP ON UPDATE CURRENT_TIMESTAMP,
  PRIMARY KEY (`id`)
) ENGINE=MyISAM AUTO_INCREMENT=21 DEFAULT CHARSET=utf32 COLLATE=utf32_unicode_ci;

--
-- Đang đổ dữ liệu cho bảng `customer`
--

INSERT INTO `customer` (`id`, `name`, `phone`, `sex`, `birth`, `address`, `avatar`, `user_id`, `point`, `mark`, `status`, `created_at`, `updated_at`) VALUES
(2, 'La Kỳ Đạt', '123456789', 1, '2021-06-19', '123456', '1633075985.jpg', 49, NULL, 0, 0, '2021-07-21 17:00:00', '2023-03-10 01:00:19'),
(16, 'Hà Quốc Thịnh', '0358707811', 1, '2000-05-21', 'Hồ Chí Minh City', '1635682064.jpg', 78, 100014, 0, 1, '2021-10-31 04:52:04', '2021-11-16 08:10:49'),
(4, 'Mã Thiên Thanh', '9658653254', 0, '1957-08-26', 'Hồ Chí Minh', 'unsigned.png', 54, NULL, 0, 1, '2021-09-30 21:05:16', '2021-10-21 09:11:03'),
(5, 'Võ Minh Tuấn', '3659874521', 0, '1980-03-15', 'abc 123', 'unsigned.png', 56, NULL, 0, 1, '2021-10-04 07:15:52', '2021-10-21 09:11:46'),
(6, 'vo minh', '9656874126', 1, '2021-10-21', 'abc 123', 'unsigned.png', 59, 829752, 0, 0, '2021-10-06 06:27:44', '2023-03-10 01:09:44'),
(13, 'hoa nguyen', '65325698745', 0, '2021-10-21', 'abc 123', 'unsigned.png', 68, NULL, 0, 1, '2021-10-08 06:33:04', '2021-10-21 09:10:27'),
(15, 'Trần Võ Đăng Khoa', '0382024592', 1, '2000-01-18', '634/7 Sư Vạn Hạnh p10 q10', '1635681839.jpg', 76, 451179, 0, 1, '2021-10-11 06:31:51', '2021-11-14 05:09:12'),
(17, 'Trần Võ Đăng Khoa', '038202459', 0, '2021-11-07', '634/7 Sư Vạn Hạnh', 'unsigned.png', 79, 3, 0, 1, '2021-10-31 07:44:08', '2021-11-07 15:28:56'),
(18, 'Nguyễn Phan Du', '123456780', 0, '2021-11-08', 'abc 123 456', 'unsigned.png', 80, 0, 0, 0, '2021-11-01 09:40:53', '2023-03-10 01:09:25'),
(19, 'dh0099', '2132132131', 2, '2001-01-01', '190 cao lo', '1678727400.jpg', 81, 147, 1, 1, '2023-03-10 00:52:36', '2023-03-15 02:22:06'),
(20, 'board games', '013213131', 2, '2001-03-29', '20 Truong Chinh', '1678899289.jpg', 86, 0, 0, 1, '2023-03-15 09:22:19', '2023-03-15 09:54:49');

-- --------------------------------------------------------

--
-- Cấu trúc bảng cho bảng `employee`
--

DROP TABLE IF EXISTS `employee`;
CREATE TABLE IF NOT EXISTS `employee` (
  `id` int(11) NOT NULL AUTO_INCREMENT,
  `name` varchar(150) COLLATE utf32_unicode_ci NOT NULL,
  `phone` varchar(50) COLLATE utf32_unicode_ci NOT NULL DEFAULT '',
  `sex` tinyint(4) NOT NULL,
  `birth` date DEFAULT NULL,
  `address` varchar(150) COLLATE utf32_unicode_ci DEFAULT NULL,
  `user_id` int(11) NOT NULL,
  `avatar` varchar(150) COLLATE utf32_unicode_ci DEFAULT NULL,
  `status` int(11) NOT NULL DEFAULT '1',
  `created_at` timestamp NULL DEFAULT CURRENT_TIMESTAMP,
  `updated_at` timestamp NULL DEFAULT CURRENT_TIMESTAMP ON UPDATE CURRENT_TIMESTAMP,
  PRIMARY KEY (`id`)
) ENGINE=InnoDB AUTO_INCREMENT=33 DEFAULT CHARSET=utf32 COLLATE=utf32_unicode_ci;

--
-- Đang đổ dữ liệu cho bảng `employee`
--

INSERT INTO `employee` (`id`, `name`, `phone`, `sex`, `birth`, `address`, `user_id`, `avatar`, `status`, `created_at`, `updated_at`) VALUES
(1, 'Admin', '382024592', 1, '2000-01-18', '634/7 Sư Vạn Hạnh P10 Q10 TP HCM', 1, '1678900922.jpg', 1, '2021-05-31 09:02:17', '2023-03-15 10:22:02'),
(2, 'Hà Quốc Thịnh', '0123456789', 1, '2000-05-21', '65 Huỳnh Thúc Kháng', 2, '1634653543.jpg', 1, '2021-07-28 17:00:00', '2021-11-08 01:59:13'),
(3, 'Admin', '0123456789', 1, '2021-10-10', 'TP. HCM', 50, '1634365336.jpg', 1, '2021-10-10 08:41:10', '2021-11-07 17:30:05'),
(29, 'Thanh Duy', '123456', 1, '2021-06-05', '634/7 sư vạn hạn p10 q10', 43, '1678900472.png', 0, '2021-05-31 03:37:46', '2023-03-15 10:14:32'),
(30, 'zzz', '0321312321', 1, '2000-02-02', '65 abc', 87, '1678902505.png', 0, '2023-03-15 10:48:25', '2023-03-15 11:00:23'),
(31, 'zuzuzzu', '1231321321', 1, '1999-10-20', '35 vanvav', 88, NULL, 0, '2023-03-15 10:58:10', '2023-03-15 11:34:25'),
(32, 'hehezz', '033231313', 2, '1887-10-10', '21 yen lang', 89, '1678903309.jpg', 0, '2023-03-15 11:01:49', '2023-03-15 11:09:16');

-- --------------------------------------------------------

--
-- Cấu trúc bảng cho bảng `favorite`
--

DROP TABLE IF EXISTS `favorite`;
CREATE TABLE IF NOT EXISTS `favorite` (
  `id` bigint(20) UNSIGNED NOT NULL AUTO_INCREMENT,
  `product_id` bigint(20) NOT NULL,
  `user_id` bigint(20) NOT NULL,
  `created_at` timestamp NULL DEFAULT CURRENT_TIMESTAMP,
  `updated_at` timestamp NULL DEFAULT CURRENT_TIMESTAMP ON UPDATE CURRENT_TIMESTAMP,
  PRIMARY KEY (`id`)
) ENGINE=InnoDB AUTO_INCREMENT=23 DEFAULT CHARSET=utf8mb4 COLLATE=utf8mb4_unicode_ci;

--
-- Đang đổ dữ liệu cho bảng `favorite`
--

INSERT INTO `favorite` (`id`, `product_id`, `user_id`, `created_at`, `updated_at`) VALUES
(11, 3, 52, '2021-07-24 19:36:08', '2021-07-24 19:36:08'),
(12, 2, 48, '2021-09-29 05:17:03', '2021-09-29 05:17:03'),
(13, 4, 48, '2021-09-29 05:17:04', '2021-09-29 05:17:04'),
(14, 1, 48, '2021-09-29 05:17:07', '2021-09-29 05:17:07'),
(16, 2, 54, '2021-09-30 21:06:14', '2021-09-30 21:06:14'),
(17, 4, 54, '2021-09-30 21:06:16', '2021-09-30 21:06:16'),
(18, 4, 76, '2021-10-19 07:27:17', '2021-10-19 07:27:17'),
(21, 4, 81, '2023-03-11 10:13:38', '2023-03-11 10:13:38'),
(22, 30, 81, '2023-03-15 01:56:46', '2023-03-15 01:56:46');

-- --------------------------------------------------------

--
-- Cấu trúc bảng cho bảng `invoice`
--

DROP TABLE IF EXISTS `invoice`;
CREATE TABLE IF NOT EXISTS `invoice` (
  `id` int(11) NOT NULL AUTO_INCREMENT,
  `invoice_code` varchar(10) COLLATE utf32_unicode_ci NOT NULL,
  `customer_id` int(11) NOT NULL,
  `employee_id` int(11) NOT NULL,
  `price` float DEFAULT '0',
  `number` int(11) DEFAULT '0',
  `ship_fee` float DEFAULT '0',
  `vat` float DEFAULT '0',
  `voucher` int(11) DEFAULT NULL,
  `total_price` float DEFAULT '0',
  `order_status` int(11) NOT NULL DEFAULT '0',
  `payment_method` int(11) NOT NULL DEFAULT '1',
  `payment_status` int(11) NOT NULL DEFAULT '0',
  `keep_product` int(11) NOT NULL DEFAULT '0',
  `status` int(11) NOT NULL DEFAULT '0',
  `role_cancel` int(11) DEFAULT NULL,
  `reason_cancel` varchar(250) COLLATE utf32_unicode_ci DEFAULT NULL,
  `expected_date` date DEFAULT NULL,
  `created_at` timestamp NULL DEFAULT CURRENT_TIMESTAMP,
  `updated_at` timestamp NULL DEFAULT CURRENT_TIMESTAMP ON UPDATE CURRENT_TIMESTAMP,
  PRIMARY KEY (`id`)
) ENGINE=InnoDB AUTO_INCREMENT=187 DEFAULT CHARSET=utf32 COLLATE=utf32_unicode_ci;

--
-- Đang đổ dữ liệu cho bảng `invoice`
--

INSERT INTO `invoice` (`id`, `invoice_code`, `customer_id`, `employee_id`, `price`, `number`, `ship_fee`, `vat`, `voucher`, `total_price`, `order_status`, `payment_method`, `payment_status`, `keep_product`, `status`, `role_cancel`, `reason_cancel`, `expected_date`, `created_at`, `updated_at`) VALUES
(1, 'HD0235416', 2, 1, 8645, 4, 0, 959.5, NULL, 9509.5, 2, 1, 1, 0, 0, NULL, NULL, NULL, '2021-06-29 02:40:01', '2023-03-13 10:21:23'),
(2, 'HD717661', 15, 1, 12260, 5, 0, 1226, NULL, 13486, 1, 2, 1, 0, 1, NULL, NULL, NULL, '2021-06-30 02:44:23', '2021-11-04 13:16:14'),
(3, 'HD610135', 2, 1, 5585, 3, 0, 558.5, NULL, 6143.5, 1, 2, 1, 0, 1, NULL, NULL, NULL, '2021-07-03 17:02:15', '2021-07-03 17:02:15'),
(4, 'HD147107', 2, 1, 6335, 5, 0, 633.5, NULL, 6968.5, 1, 2, 1, 0, 1, NULL, NULL, NULL, '2021-07-03 17:16:32', '2021-11-04 13:22:48'),
(5, 'HD584550', 5, 1, 2148, 0, 0, 214.8, NULL, 2362.8, 0, 2, 1, 0, 1, NULL, NULL, NULL, '2021-07-23 20:06:39', '2021-11-04 13:18:45'),
(6, 'HD482865', 6, 1, 2148, 0, 0, 214.8, NULL, 2362.8, 0, 2, 1, 0, 0, NULL, NULL, NULL, '2021-07-23 20:06:53', '2021-11-04 13:19:12'),
(7, 'HD861871', 6, 1, 2148, 0, 0, 214.8, NULL, 2362.8, 0, 2, 1, 0, 1, NULL, NULL, NULL, '2021-07-23 20:07:40', '2021-11-04 13:18:33'),
(8, 'HD580023', 5, 1, 3273, 0, 0, 327.3, NULL, 3600.3, 0, 2, 1, 0, 0, NULL, NULL, NULL, '2021-07-23 20:14:46', '2021-11-04 13:18:47'),
(9, 'HD311386', 6, 1, 3273, 0, 0, 327.3, NULL, 3600.3, 0, 2, 1, 0, 1, NULL, NULL, NULL, '2021-07-23 20:15:11', '2021-11-04 13:19:09'),
(10, 'HD530298', 6, 1, 3273, 0, 0, 327.3, NULL, 3600.3, 0, 2, 1, 0, 1, NULL, NULL, NULL, '2021-07-23 20:16:05', '2021-11-04 13:19:19'),
(11, 'HD961739', 17, 1, 3273, 0, 0, 327.3, NULL, 3600.3, 2, 2, 1, 0, 1, NULL, NULL, NULL, '2021-07-23 20:16:47', '2021-11-06 04:18:21'),
(12, 'HD322775', 4, 1, 216, 0, 1.75, 21.6, NULL, 239.35, 1, 2, 1, 0, 1, NULL, NULL, '2021-10-04', '2021-09-30 21:37:33', '2021-11-04 13:12:58'),
(13, 'HD176437', 4, 1, 105, 0, 2, 10.5, NULL, 117.5, 1, 2, 1, 0, 1, NULL, NULL, '2021-10-04', '2021-09-30 22:13:16', '2021-11-04 13:12:54'),
(14, 'HD681337', 6, 1, 7080, 0, 0, 708, NULL, 7788, 1, 1, 1, 1, 1, NULL, NULL, '2021-10-04', '2021-10-01 01:52:22', '2021-11-04 13:18:41'),
(15, 'HD505895', 5, 1, 2286, 0, 0, 228.6, NULL, 2514.6, 1, 1, 1, 1, 1, NULL, NULL, '2021-10-04', '2021-10-01 02:30:14', '2021-11-04 13:19:16'),
(17, 'HD282568', 5, 1, 9366, 0, 0, 936.6, NULL, 10302.6, 1, 1, 1, 0, 1, NULL, NULL, '2021-10-04', '2021-10-01 06:53:58', '2021-11-04 13:19:05'),
(18, 'HD941117', 6, 1, 1010, 0, 0, 101, NULL, 1111, 1, 1, 1, 0, 1, NULL, NULL, '2021-10-06', '2021-10-03 06:26:40', '2021-11-04 13:20:01'),
(19, 'HD140569', 4, 1, 1463, 0, 0, 146.3, NULL, 1609.3, 1, 1, 1, 0, 1, NULL, NULL, '2021-10-07', '2021-10-04 05:58:42', '2021-11-04 13:12:52'),
(20, 'HD815813', 15, 1, 794, 0, 1, 79.4, NULL, 874.4, 1, 1, 1, 0, 1, NULL, NULL, '2021-10-12', '2021-10-09 05:20:34', '2021-11-04 13:14:15'),
(21, 'HD900502', 5, 1, 1010, 0, 0, 101, NULL, 1111, 1, 1, 1, 0, 1, NULL, NULL, '2021-10-14', '2021-10-11 06:01:08', '2021-11-04 13:18:38'),
(22, 'HD867354', 15, 1, 1031, 0, 0, 103.1, NULL, 1134.1, 1, 1, 1, 0, 1, NULL, NULL, '2021-10-14', '2021-10-11 07:01:07', '2021-11-04 13:13:27'),
(23, 'HD948496', 15, 1, 525, 0, 1.5, 52.5, NULL, 579, 1, 1, 1, 0, 1, NULL, NULL, '2021-10-23', '2021-10-19 23:17:59', '2021-11-04 13:20:24'),
(24, 'HD705273', 15, 1, 525, 0, 1.5, 52.5, NULL, 579, 1, 1, 1, 0, 1, NULL, NULL, '2021-10-23', '2021-10-19 23:19:23', '2021-11-04 13:13:40'),
(25, 'HD913056', 15, 1, 689.5, 0, 1.5, 68.95, NULL, 759.95, 1, 1, 1, 0, 1, NULL, NULL, '2021-10-23', '2021-10-19 23:22:50', '2021-11-04 13:13:30'),
(26, 'HD236328', 15, 1, 216, 0, 1.75, 21.6, NULL, 239.35, 1, 1, 1, 0, 1, NULL, NULL, '2021-10-23', '2021-10-19 23:36:51', '2021-11-04 13:08:53'),
(27, 'HD314560', 15, 1, 216, 0, 1.75, 21.6, NULL, 239.35, 1, 1, 1, 0, 1, NULL, NULL, '2021-10-23', '2021-10-19 23:50:21', '2021-11-04 13:08:44'),
(28, 'HD389213', 15, 1, 216, 0, 1.75, 21.6, NULL, 239.35, 1, 1, 1, 0, 1, NULL, NULL, '2021-10-23', '2021-10-19 23:54:48', '2021-11-04 13:08:36'),
(29, 'HD279392', 15, 1, 224, 0, 1.75, 22.4, 20, 228.15, 1, 1, 1, 0, 1, NULL, NULL, '2021-10-23', '2021-10-19 23:55:57', '2021-11-04 13:08:48'),
(30, 'HD721310', 15, 1, 1565, 0, 0, 156.5, 999, 722.5, 1, 1, 1, 0, 1, NULL, NULL, '2021-10-23', '2021-10-20 00:15:23', '2021-11-04 13:13:36'),
(31, 'HD472058', 15, 1, 1565, 0, 0, 156.5, 999, 722.5, 1, 1, 1, 0, 1, NULL, NULL, '2021-10-23', '2021-10-20 00:16:35', '2021-11-04 13:08:30'),
(32, 'HD296318', 15, 1, 216, 0, 1.75, 21.6, 20, 219.35, 1, 1, 1, 0, 1, NULL, NULL, '2021-10-23', '2021-10-20 00:17:00', '2021-11-04 13:08:47'),
(33, 'HD509553', 15, 1, 2555, 0, 0, 255.5, NULL, 2810.5, 1, 1, 1, 0, 1, NULL, NULL, '2021-10-23', '2021-10-20 00:18:48', '2021-11-04 13:08:21'),
(34, 'HD509034', 15, 1, 851, 0, 1, 85.1, 90, 847.1, 1, 1, 1, 0, 1, NULL, NULL, '2021-10-25', '2021-10-22 07:38:41', '2021-11-04 13:08:28'),
(35, 'HD260282', 15, 1, 899, 0, 1, 89.9, NULL, 989.9, 1, 1, 1, 0, 1, NULL, NULL, '2021-10-25', '2021-10-22 07:51:59', '2021-11-04 13:08:51'),
(36, 'HD688722', 15, 1, 648, 0, 1.5, 64.8, 90, 624.3, 1, 1, 1, 0, 1, NULL, NULL, '2021-10-26', '2021-10-23 08:48:57', '2021-11-04 13:13:41'),
(37, 'HD784016', 15, 1, 216, 0, 1.75, 21.6, 20, 219.35, 1, 1, 1, 0, 1, NULL, NULL, '2021-10-26', '2021-10-23 09:22:09', '2021-11-04 13:13:38'),
(38, 'HD334868', 15, 1, 2555, 0, 0, 255.5, 888, 1922.5, 1, 1, 1, 0, 1, NULL, NULL, '2021-10-26', '2021-10-23 09:22:54', '2021-11-04 13:08:40'),
(39, 'HD642787', 15, 1, 1125, 0, 0, 112.5, 888, 349.5, 1, 1, 1, 0, 1, NULL, NULL, '2021-10-26', '2021-10-23 09:39:55', '2021-11-04 13:13:45'),
(40, 'HD940480', 15, 1, 1125, 0, 0, 112.5, 888, 349.5, 1, 1, 1, 0, 1, NULL, NULL, '2021-10-26', '2021-10-23 09:39:56', '2021-11-04 13:20:27'),
(41, 'HD442893', 15, 1, 2555, 0, 0, 255.5, 888, 1922.5, 1, 1, 1, 0, 1, NULL, NULL, '2021-10-26', '2021-10-23 09:40:49', '2021-11-04 13:08:32'),
(42, 'HD816219', 15, 1, 610, 0, 1.5, 61, 20, 652.5, 1, 1, 1, 0, 1, NULL, NULL, '2021-10-31', '2021-10-28 07:32:57', '2021-11-04 13:13:34'),
(43, 'HD658563', 15, 1, 740, 0, 1, 74, NULL, 815, 1, 1, 1, 0, 1, NULL, NULL, '2021-10-31', '2021-10-28 07:40:23', '2021-11-04 13:13:46'),
(44, 'HD538950', 15, 1, 700, 0, 1.5, 70, NULL, 771.5, 1, 1, 1, 0, 1, NULL, NULL, '2021-11-02', '2021-10-29 20:06:04', '2021-11-04 13:14:37'),
(45, 'HD576984', 15, 1, 390, 0, 1.75, 39, NULL, 430.75, 1, 1, 1, 0, 1, NULL, NULL, '2021-11-02', '2021-10-29 20:07:38', '2021-11-04 13:14:31'),
(46, 'HD578763', 15, 1, 105, 0, 2, 10.5, NULL, 117.5, 1, 1, 1, 0, 1, NULL, NULL, '2021-11-02', '2021-10-29 20:08:04', '2021-11-04 13:14:23'),
(47, 'HD554820', 15, 1, 150, 0, 2, 15, NULL, 167, 1, 1, 1, 0, 1, NULL, NULL, '2021-11-02', '2021-10-29 20:09:23', '2021-11-04 13:14:33'),
(48, 'HD545702', 15, 1, 150, 0, 2, 15, NULL, 167, 1, 1, 1, 0, 1, NULL, NULL, '2021-11-02', '2021-10-29 20:09:45', '2021-11-04 13:14:34'),
(49, 'HD327515', 15, 1, 350, 0, 1.75, 35, NULL, 386.75, 1, 1, 1, 0, 1, NULL, NULL, '2021-11-02', '2021-10-29 20:16:41', '2021-11-04 13:08:42'),
(50, 'HD631588', 15, 1, 500, 0, 1.75, 50, NULL, 551.75, 1, 1, 1, 0, 1, NULL, NULL, '2021-11-02', '2021-10-29 20:19:03', '2021-11-04 13:13:44'),
(51, 'HD508155', 15, 1, 150, 0, 2, 15, NULL, 167, 1, 1, 1, 0, 1, NULL, NULL, '2021-11-02', '2021-10-29 20:20:00', '2021-11-04 13:08:24'),
(52, 'HD661137', 15, 1, 350, 0, 1.75, 35, NULL, 386.75, 1, 1, 1, 0, 1, NULL, NULL, '2021-11-02', '2021-10-29 20:21:03', '2021-11-04 13:13:49'),
(53, 'HD236929', 17, 1, 315, 0, 1.75, 31.5, NULL, 348.25, 1, 1, 1, 0, 1, NULL, NULL, '2021-11-03', '2021-10-31 08:24:34', '2021-11-04 13:11:46'),
(69, 'HD359658', 15, 1, 740, 0, 1, 74, NULL, 815, 1, 1, 0, 0, 1, NULL, NULL, '2021-11-07', '2021-11-04 06:07:07', '2021-11-04 06:07:07'),
(71, 'HD3523385', 16, 3, 1500, 8, 0, 150, 200, 1450, 3, 1, 1, 0, 1, NULL, NULL, '2021-11-04', '2021-11-04 16:11:10', '2021-11-04 16:16:13'),
(76, 'HD5221335', 16, 3, 1070, 5, 0, 107, 0, 1177, 3, 1, 1, 0, 1, NULL, NULL, '2021-11-05', '2021-11-05 05:44:20', '2021-11-05 05:45:06'),
(77, 'HD2174553', 16, 3, 1370, 6, 0, 137, 0, 1507, 3, 1, 1, 0, 1, NULL, NULL, '2021-11-05', '2021-11-05 06:44:50', '2021-11-05 06:46:04'),
(81, 'HD1180748', 16, 3, 245, 2, 0, 24.5, 0, 269.5, 3, 1, 1, 0, 1, NULL, NULL, '2021-11-05', '2021-11-05 07:13:53', '2021-11-05 07:14:39'),
(87, 'HD1556398', 2, 3, 560, 3, 0, 56, 0, 616, 3, 1, 1, 0, 1, NULL, NULL, '2021-11-05', '2021-11-05 09:55:56', '2021-11-05 09:56:52'),
(90, 'HD5005885', 2, 3, 0, 0, 0, 0, NULL, 0, 0, 1, 0, 0, 0, NULL, NULL, NULL, '2021-11-05 10:09:00', '2021-11-05 10:09:00'),
(91, 'HD7618347', 2, 3, 0, 0, 0, 0, NULL, 0, 0, 1, 0, 0, 0, NULL, NULL, NULL, '2021-11-05 10:12:18', '2021-11-05 10:12:18'),
(92, 'HD3065649', 16, 3, 630, 5, 0, 63, 0, 693, 3, 1, 1, 0, 1, NULL, NULL, '2021-11-05', '2021-11-05 10:23:08', '2021-11-05 10:23:40'),
(93, 'HD2591851', 2, 3, 0, 0, 0, 0, NULL, 0, 0, 1, 0, 0, 0, NULL, NULL, NULL, '2021-11-05 10:26:19', '2021-11-05 10:26:19'),
(94, 'HD8885981', 2, 3, 350, 3, 0, 35, 0, 385, 3, 1, 1, 0, 1, NULL, NULL, '2021-11-05', '2021-11-05 10:48:12', '2021-11-05 10:49:36'),
(95, 'HD1413466', 2, 3, 105, 1, 0, 10.5, 0, 115.5, 3, 1, 1, 0, 1, NULL, NULL, '2021-11-05', '2021-11-05 10:55:30', '2021-11-05 10:55:52'),
(96, 'HD7088112', 2, 3, 140, 1, 0, 14, 0, 154, 3, 1, 1, 0, 1, NULL, NULL, '2021-11-05', '2021-11-05 10:55:59', '2021-11-05 10:56:22'),
(97, 'HD2103272', 16, 3, 0, 0, 0, 0, NULL, 0, 0, 1, 0, 0, 0, NULL, NULL, NULL, '2021-11-05 12:05:46', '2021-11-05 12:05:46'),
(98, 'HD134211', 15, 1, 990, 0, 1, 99, NULL, 1090, 1, 3, 0, 0, 1, NULL, NULL, '2021-11-10', '2021-11-06 23:02:57', '2021-11-06 23:02:57'),
(99, 'HD557728', 15, 1, 1000, 0, 1, 100, NULL, 1101, 1, 3, 0, 0, 1, NULL, NULL, '2021-11-10', '2021-11-06 23:05:24', '2021-11-06 23:05:24'),
(100, 'HD383377', 15, 1, 1000, 0, 1, 100, NULL, 1101, 1, 3, 0, 0, 0, NULL, NULL, '2021-11-10', '2021-11-06 23:09:50', '2021-11-07 11:14:00'),
(101, 'HD681228', 15, 1, 650, 0, 1.5, 65, NULL, 716.5, 1, 3, 0, 0, 0, 1, NULL, '2021-11-10', '2021-11-06 23:11:20', '2021-11-10 20:25:10'),
(102, 'HD890717', 15, 1, 740, 0, 1, 74, NULL, 815, 1, 3, 0, 0, 1, NULL, NULL, '2021-11-10', '2021-11-06 23:14:03', '2021-11-06 23:14:03'),
(103, 'HD103055', 15, 1, 990, 0, 1, 99, NULL, 1090, 1, 3, 0, 0, 1, NULL, NULL, '2021-11-10', '2021-11-06 23:18:58', '2021-11-06 23:18:58'),
(104, 'HD251630', 15, 1, 990, 0, 1, 99, NULL, 1090, 1, 3, 0, 0, 1, NULL, NULL, '2021-11-10', '2021-11-06 23:19:43', '2021-11-06 23:19:43'),
(105, 'HD616881', 15, 1, 880, 0, 1, 88, NULL, 969, 1, 3, 0, 0, 0, 1, 'abc', '2021-11-10', '2021-11-06 23:20:56', '2021-11-10 20:24:55'),
(106, 'HD948787', 15, 1, 350, 0, 1.75, 35, NULL, 386.75, 1, 3, 0, 0, 0, NULL, NULL, '2021-11-10', '2021-11-06 23:24:03', '2021-11-07 11:11:04'),
(107, 'HD69994', 16, 3, 560, 3, 0, 56, 0, 616, 3, 1, 1, 0, 1, NULL, NULL, '2021-11-07', '2021-11-07 15:26:28', '2021-11-07 15:26:42'),
(108, 'HD9783479', 16, 3, 105, 1, 0, 10.5, 0, 115.5, 3, 1, 1, 0, 1, NULL, NULL, '2021-11-07', '2021-11-07 16:38:32', '2021-11-07 16:38:40'),
(109, 'HD1677981', 2, 3, 0, 0, 0, 0, NULL, 0, 0, 1, 0, 0, 0, NULL, NULL, NULL, '2021-11-07 17:04:38', '2021-11-07 17:04:38'),
(110, 'HD9305737', 15, 3, 0, 0, 0, 0, NULL, 0, 0, 1, 0, 0, 0, NULL, NULL, NULL, '2021-11-07 17:30:42', '2021-11-07 17:30:42'),
(111, 'HD2172693', 15, 3, 1570, 7, 0, 157, 0, 1727, 3, 1, 1, 0, 1, NULL, NULL, '2021-11-08', '2021-11-07 17:31:48', '2021-11-07 17:32:10'),
(112, 'HD226794', 15, 1, 1000, 0, 1, 100, 50, 1051, 1, 3, 0, 0, 0, 1, 'abc', '2021-11-11', '2021-11-07 11:15:02', '2021-11-10 20:28:15'),
(113, 'HD2798343', 5, 3, 0, 0, 0, 0, NULL, 0, 0, 1, 0, 0, 0, NULL, NULL, NULL, '2021-11-07 18:23:10', '2021-11-07 18:23:10'),
(114, 'HD3169', 16, 3, 140, 1, 0, 14, 20, 134, 3, 1, 1, 0, 1, NULL, NULL, '2021-11-08', '2021-11-07 18:25:30', '2021-11-07 18:25:54'),
(115, 'HD3089248', 5, 3, 0, 0, 0, 0, NULL, 0, 0, 1, 0, 0, 0, NULL, NULL, NULL, '2021-11-07 18:26:35', '2021-11-07 18:26:35'),
(116, 'HD268801', 16, 3, 0, 0, 0, 0, NULL, 0, 0, 1, 0, 0, 0, NULL, NULL, NULL, '2021-11-07 18:27:06', '2021-11-07 18:27:06'),
(117, 'HD5441105', 17, 3, 0, 0, 0, 0, NULL, 0, 0, 1, 0, 0, 0, NULL, NULL, NULL, '2021-11-07 18:27:28', '2021-11-07 18:27:28'),
(118, 'HD930158', 2, 3, 0, 0, 0, 0, NULL, 0, 0, 1, 0, 0, 0, NULL, NULL, NULL, '2021-11-08 02:55:02', '2021-11-08 02:55:02'),
(119, 'HD517422', 15, 1, 1210, 0, 0, 121, 50, 1281, 1, 1, 0, 1, 0, NULL, NULL, '2021-11-11', '2021-11-07 20:43:28', '2021-11-07 20:50:25'),
(120, 'HD316100', 15, 1, 860, 0, 1, 86, 50, 897, 1, 1, 0, 0, 0, 1, 'abc', '2021-11-11', '2021-11-07 20:49:37', '2021-11-10 19:54:55'),
(121, 'HD102148', 16, 1, 1210, 0, 0, 121, NULL, 1281, 1, 1, 0, 0, 0, 1, 'abc', '2021-11-11', '2021-11-07 20:50:25', '2021-11-10 19:46:52'),
(122, 'HD651241', 15, 1, 890, 0, 1, 89, NULL, 980, 1, 1, 0, 1, 0, NULL, NULL, '2021-11-11', '2021-11-07 20:51:00', '2021-11-07 20:58:35'),
(123, 'HD159132', 16, 1, 890, 0, 0, 89, NULL, 980, 2, 1, 0, 0, 0, NULL, NULL, '2021-11-11', '2021-11-07 20:58:35', '2021-11-08 01:44:50'),
(124, 'HD360597', 15, 1, 105, 0, 2, 10.5, NULL, 117.5, 1, 1, 0, 0, 0, NULL, NULL, '2021-11-11', '2021-11-07 21:36:29', '2021-11-08 01:31:37'),
(125, 'HD988048', 15, 1, 105, 0, 2, 10.5, NULL, 117.5, 3, 1, 0, 0, 1, NULL, NULL, '2021-11-11', '2021-11-07 21:36:32', '2021-11-07 22:27:14'),
(127, 'HD7698533', 16, 1, 195, 20, 0, 19.5, 0, 214.5, 3, 1, 1, 0, 1, NULL, NULL, '2021-11-08', '2021-11-08 08:20:12', '2021-11-08 08:22:45'),
(128, 'HD769079', 15, 1, 40, 0, 2, 4, 20, 26, 3, 1, 0, 0, 1, NULL, NULL, '2021-11-11', '2021-11-08 01:41:16', '2021-11-08 01:43:21'),
(129, 'HD197773', 2, 1, 0, 0, 0, 0, NULL, 0, 0, 1, 0, 0, 0, NULL, NULL, NULL, '2021-11-09 14:36:46', '2021-11-09 14:36:46'),
(131, 'HD962592', 15, 1, 50, 0, 2, 5, NULL, 57, 1, 1, 0, 0, 0, 3, 'abc', '2021-11-12', '2021-11-09 08:23:17', '2021-11-10 10:36:50'),
(132, 'HD4813985', 16, 3, 400, 2, 0, 40, 0, 440, 3, 1, 1, 0, 1, NULL, NULL, '2021-11-14', '2021-11-14 06:46:09', '2021-11-14 06:46:43'),
(133, 'HD369805', 15, 1, 1500, 0, 0, 150, NULL, 1650, 1, 2, 0, 1, 1, NULL, NULL, '2021-11-17', '2021-11-14 04:57:41', '2021-11-14 04:57:41'),
(134, 'HD123195', 15, 1, 1000, 0, 1, 100, NULL, 1101, 1, 1, 0, 1, 1, NULL, NULL, '2021-11-17', '2021-11-14 05:09:12', '2021-11-14 05:09:12'),
(136, 'HD9381965', 16, 3, 150, 1, 0, 15, 0, 165, 3, 1, 1, 0, 1, NULL, NULL, '2021-11-15', '2021-11-15 15:11:40', '2021-11-15 15:11:56'),
(137, 'HD4745081', 16, 3, 350, 2, 0, 35, 0, 385, 3, 1, 1, 0, 1, NULL, NULL, '2021-11-15', '2021-11-15 15:22:54', '2021-11-15 15:23:30'),
(138, 'HD3290785', 2, 3, 510, 2, 0, 51, 20, 541, 3, 1, 1, 0, 1, NULL, NULL, '2021-11-15', '2021-11-15 15:55:27', '2021-11-15 15:56:30'),
(139, 'HD4711843', 16, 3, 1720, 4, 0, 172, 0, 1892, 3, 1, 1, 0, 1, NULL, NULL, '2021-11-16', '2021-11-15 17:12:07', '2021-11-15 17:13:28'),
(140, 'HD1733242', 2, 3, 500, 1, 0, 50, 0, 550, 3, 1, 1, 0, 1, NULL, NULL, '2021-11-16', '2021-11-15 17:15:49', '2021-11-15 17:16:15'),
(141, 'HD8183169', 16, 3, 500, 1, 0, 50, 0, 550, 3, 1, 1, 0, 1, NULL, NULL, '2021-11-16', '2021-11-15 17:21:28', '2021-11-15 17:22:15'),
(142, 'HD601240', 16, 1, 1370, 0, 0, 137, NULL, 1507, 1, 3, 0, 0, 1, NULL, NULL, '2021-11-19', '2021-11-16 08:10:49', '2021-11-16 08:10:49'),
(143, 'HD5644955', 16, 2, 500, 1, 0, 50, 0, 550, 3, 1, 1, 0, 1, NULL, NULL, '2021-11-17', '2021-11-17 00:16:21', '2021-11-17 00:16:41'),
(144, 'HD749271', 2, 3, 0, 0, 0, 0, NULL, 0, 0, 1, 0, 0, 0, NULL, NULL, NULL, '2021-11-17 00:54:34', '2021-11-17 00:54:34'),
(145, 'HD30294', 16, 3, 800, 3, 0, 80, 0, 880, 3, 1, 1, 0, 1, NULL, NULL, '2021-11-17', '2021-11-17 00:55:57', '2021-11-17 00:57:05'),
(146, 'HD244337', 19, 1, 120, 0, 2, 12, NULL, 134, 3, 1, 0, 0, 1, NULL, NULL, '2023-03-13', '2023-03-10 00:54:09', '2023-03-10 11:27:39'),
(147, 'HD480918', 19, 1, 800, 0, 1, 80, NULL, 881, 1, 1, 0, 0, 1, NULL, NULL, '2023-03-14', '2023-03-11 07:20:15', '2023-03-11 07:20:15'),
(148, 'HD932098', 19, 1, 508, 0, 1.5, 50.8, NULL, 560.3, 1, 3, 0, 0, 1, NULL, NULL, '2023-03-16', '2023-03-13 09:27:32', '2023-03-13 09:27:32'),
(149, 'HD637576', 19, 1, 28, 0, 2, 2.8, NULL, 32.8, 1, 1, 0, 1, 0, NULL, NULL, '2023-03-16', '2023-03-13 09:30:25', '2023-03-13 11:36:47'),
(150, 'HD863705', 19, 1, 500, 0, 1.75, 50, NULL, 551.75, 1, 3, 0, 0, 1, NULL, NULL, '2023-03-16', '2023-03-13 09:33:42', '2023-03-13 09:33:42'),
(151, 'HD955573', 19, 1, 500, 0, 1.75, 50, NULL, 551.75, 1, 2, 0, 0, 1, NULL, NULL, '2023-03-16', '2023-03-13 09:42:24', '2023-03-13 09:42:24'),
(152, 'HD292394', 19, 1, 500, 0, 1.75, 50, NULL, 551.75, 1, 2, 0, 0, 1, NULL, NULL, '2023-03-16', '2023-03-13 09:42:28', '2023-03-13 09:42:28'),
(153, 'HD479748', 19, 1, 500, 0, 1.75, 50, NULL, 551.75, 1, 2, 0, 0, 1, NULL, NULL, '2023-03-16', '2023-03-13 09:45:44', '2023-03-13 09:45:44'),
(154, 'HD297992', 19, 1, 500, 0, 1.75, 50, NULL, 551.75, 1, 2, 0, 0, 1, NULL, NULL, '2023-03-16', '2023-03-13 09:45:55', '2023-03-13 09:45:55'),
(155, 'HD627870', 19, 1, 500, 0, 1.75, 50, NULL, 551.75, 1, 2, 0, 0, 1, NULL, NULL, '2023-03-16', '2023-03-13 09:51:51', '2023-03-13 09:51:51'),
(156, 'HD990904', 19, 1, 500, 0, 1.75, 50, NULL, 551.75, 1, 2, 0, 0, 1, NULL, NULL, '2023-03-16', '2023-03-13 09:51:57', '2023-03-13 09:51:57'),
(157, 'HD689904', 19, 1, 500, 0, 1.75, 50, NULL, 551.75, 1, 2, 0, 0, 1, NULL, NULL, '2023-03-16', '2023-03-13 09:59:00', '2023-03-13 09:59:00'),
(158, 'HD957604', 19, 1, 500, 0, 1.75, 50, NULL, 551.75, 1, 2, 0, 0, 1, NULL, NULL, '2023-03-16', '2023-03-13 09:59:12', '2023-03-13 09:59:12'),
(159, 'HD303680', 19, 1, 500, 0, 1.75, 50, NULL, 551.75, 1, 2, 0, 0, 1, NULL, NULL, '2023-03-16', '2023-03-13 09:59:19', '2023-03-13 09:59:19'),
(160, 'HD317126', 19, 1, 500, 0, 1.75, 50, NULL, 551.75, 1, 2, 0, 0, 1, NULL, NULL, '2023-03-16', '2023-03-13 09:59:24', '2023-03-13 09:59:24'),
(161, 'HD265583', 19, 1, 500, 0, 1.75, 50, NULL, 551.75, 1, 2, 0, 0, 1, NULL, NULL, '2023-03-16', '2023-03-13 09:59:55', '2023-03-13 09:59:55'),
(162, 'HD470998', 19, 1, 8, 0, 2, 0.8, NULL, 10.8, 1, 3, 0, 0, 1, NULL, NULL, '2023-03-17', '2023-03-13 11:04:12', '2023-03-13 11:04:12'),
(163, 'HD956686', 19, 1, 150, 0, 2, 15, NULL, 167, 1, 3, 0, 1, 0, NULL, NULL, '2023-03-17', '2023-03-13 11:09:07', '2023-03-13 11:38:24'),
(164, 'HD168667', 19, 1, 150, 0, 2, 15, NULL, 167, 1, 3, 0, 1, 0, NULL, NULL, '2023-03-17', '2023-03-13 11:20:30', '2023-03-13 11:38:24'),
(165, 'HD633413', 19, 1, 150, 0, 2, 15, NULL, 167, 1, 3, 0, 1, 0, NULL, NULL, '2023-03-17', '2023-03-13 11:20:40', '2023-03-13 11:38:24'),
(166, 'HD330674', 19, 1, 150, 0, 2, 15, NULL, 167, 1, 3, 0, 1, 0, NULL, NULL, '2023-03-17', '2023-03-13 11:21:32', '2023-03-13 11:38:24'),
(167, 'HD688240', 19, 1, 150, 0, 2, 15, NULL, 167, 1, 3, 0, 1, 0, NULL, NULL, '2023-03-17', '2023-03-13 11:21:40', '2023-03-13 11:38:24'),
(168, 'HD201260', 19, 1, 150, 0, 2, 15, NULL, 167, 1, 3, 0, 1, 0, NULL, NULL, '2023-03-17', '2023-03-13 11:22:03', '2023-03-13 11:38:24'),
(169, 'HD282237', 19, 1, 150, 0, 2, 15, NULL, 167, 1, 2, 0, 1, 0, NULL, NULL, '2023-03-17', '2023-03-13 11:22:09', '2023-03-13 11:36:38'),
(170, 'HD202669', 19, 1, 150, 0, 2, 15, NULL, 167, 1, 1, 0, 1, 0, NULL, NULL, '2023-03-17', '2023-03-13 11:22:13', '2023-03-13 11:36:32'),
(171, 'HD207500', 19, 1, 150, 0, 2, 15, NULL, 167, 1, 1, 0, 0, 1, NULL, NULL, '2023-03-17', '2023-03-13 11:23:05', '2023-03-13 11:23:05'),
(172, 'HD513068', 19, 1, 360, 0, 1.75, 36, NULL, 397.75, 1, 3, 0, 0, 1, NULL, NULL, '2023-03-17', '2023-03-13 11:23:31', '2023-03-13 11:23:31'),
(173, 'HD941374', 19, 1, 650, 0, 1.5, 65, NULL, 716.5, 1, 3, 0, 0, 1, NULL, NULL, '2023-03-17', '2023-03-13 11:25:50', '2023-03-13 11:25:50'),
(174, 'HD212357', 19, 1, 650, 0, 1.5, 65, NULL, 716.5, 1, 3, 0, 0, 1, NULL, NULL, '2023-03-17', '2023-03-13 11:26:44', '2023-03-13 11:26:44'),
(175, 'HD429907', 19, 1, 500, 0, 1.75, 50, NULL, 551.75, 1, 3, 0, 0, 1, NULL, NULL, '2023-03-17', '2023-03-13 11:32:08', '2023-03-13 11:32:08'),
(176, 'HD492504', 19, 1, 500, 0, 1.75, 50, NULL, 551.75, 1, 2, 0, 0, 1, NULL, NULL, '2023-03-17', '2023-03-13 11:35:57', '2023-03-13 11:35:57'),
(177, 'HD213645', 19, 1, 150, 0, 0, 15, NULL, 167, 1, 1, 0, 0, 1, NULL, NULL, '2023-03-17', '2023-03-13 11:36:32', '2023-03-13 11:36:32'),
(178, 'HD176716', 19, 1, 150, 0, 0, 15, NULL, 167, 1, 1, 0, 0, 1, NULL, NULL, '2023-03-17', '2023-03-13 11:36:38', '2023-03-13 11:36:38'),
(179, 'HD460536', 19, 1, 28, 0, 0, 2.8, NULL, 32.8, 1, 1, 0, 0, 1, NULL, NULL, '2023-03-17', '2023-03-13 11:36:47', '2023-03-13 11:36:47'),
(180, 'HD868710', 19, 1, 16, 0, 2, 1.6, NULL, 19.6, 1, 2, 0, 0, 1, NULL, NULL, '2023-03-17', '2023-03-13 11:37:32', '2023-03-13 11:37:32'),
(181, 'HD885881', 19, 1, 900, 0, 0, 90, NULL, 1002, 1, 1, 0, 0, 1, NULL, NULL, '2023-03-17', '2023-03-13 11:38:24', '2023-03-13 11:38:24'),
(182, 'HD241454', 19, 1, 14, 0, 2, 1.4, NULL, 17.4, 1, 2, 0, 1, 0, NULL, NULL, '2023-03-17', '2023-03-13 11:38:59', '2023-03-13 11:39:16'),
(183, 'HD596176', 19, 1, 14, 0, 0, 1.4, NULL, 17.4, 1, 1, 0, 0, 0, 3, 'Error product', '2023-03-17', '2023-03-13 11:39:16', '2023-03-15 02:22:06'),
(184, 'HD428842', 19, 1, 360, 0, 1.75, 36, NULL, 397.75, 1, 3, 0, 1, 1, NULL, NULL, '2023-03-17', '2023-03-13 11:41:01', '2023-03-13 11:41:01'),
(185, 'HD472440', 19, 1, 650, 0, 1.5, 65, NULL, 716.5, 1, 1, 0, 1, 0, NULL, NULL, '2023-03-18', '2023-03-15 00:53:30', '2023-03-15 00:55:02'),
(186, 'HD675231', 19, 1, 650, 0, 0, 65, NULL, 716.5, 3, 1, 0, 0, 1, NULL, NULL, '2023-03-18', '2023-03-15 00:55:02', '2023-03-15 01:44:35');

-- --------------------------------------------------------

--
-- Cấu trúc bảng cho bảng `invoice_detail`
--

DROP TABLE IF EXISTS `invoice_detail`;
CREATE TABLE IF NOT EXISTS `invoice_detail` (
  `id` int(11) NOT NULL AUTO_INCREMENT,
  `invoice_id` int(11) NOT NULL,
  `product_id` int(11) NOT NULL,
  `price` decimal(10,2) NOT NULL DEFAULT '0.00',
  `number` int(11) NOT NULL DEFAULT '0',
  `discount` decimal(10,2) DEFAULT '0.00',
  `total_price` decimal(10,2) NOT NULL DEFAULT '0.00',
  `created_at` timestamp NULL DEFAULT CURRENT_TIMESTAMP,
  `updated_at` timestamp NULL DEFAULT CURRENT_TIMESTAMP ON UPDATE CURRENT_TIMESTAMP,
  PRIMARY KEY (`id`)
) ENGINE=InnoDB AUTO_INCREMENT=253 DEFAULT CHARSET=utf32 COLLATE=utf32_unicode_ci;

--
-- Đang đổ dữ liệu cho bảng `invoice_detail`
--

INSERT INTO `invoice_detail` (`id`, `invoice_id`, `product_id`, `price`, `number`, `discount`, `total_price`, `created_at`, `updated_at`) VALUES
(1, 1, 2, '360.00', 1, '0.00', '360.00', '2021-06-29 02:40:01', '2021-06-29 02:40:01'),
(2, 1, 8, '985.00', 1, '0.00', '985.00', '2021-06-29 02:40:01', '2021-06-29 02:40:01'),
(3, 1, 6, '3650.00', 2, '0.00', '7300.00', '2021-06-29 02:40:01', '2021-06-29 02:40:01'),
(4, 2, 4, '950.00', 1, '0.00', '950.00', '2021-06-29 02:40:01', '2021-06-29 02:40:01'),
(5, 2, 6, '3650.00', 3, '0.00', '10950.00', '2021-06-30 02:44:23', '2021-06-30 02:44:23'),
(6, 2, 2, '360.00', 1, '0.00', '360.00', '2021-06-30 02:44:23', '2021-06-30 02:44:23'),
(7, 3, 4, '950.00', 1, '0.00', '950.00', '2021-06-30 02:44:23', '2021-06-30 02:44:23'),
(8, 3, 8, '985.00', 1, '0.00', '985.00', '2021-07-03 17:02:15', '2021-07-03 17:02:15'),
(9, 3, 6, '3650.00', 1, '0.00', '3650.00', '2021-07-03 17:02:15', '2021-07-03 17:02:15'),
(10, 4, 1, '150.00', 1, '0.00', '150.00', '2021-07-03 17:02:15', '2021-07-03 17:02:15'),
(11, 4, 7, '985.00', 1, '0.00', '985.00', '2021-07-03 17:02:15', '2021-07-03 17:02:15'),
(12, 4, 5, '1250.00', 1, '0.00', '1250.00', '2021-07-03 17:02:15', '2021-07-03 17:02:15'),
(13, 4, 1, '150.00', 2, '0.00', '300.00', '2021-07-03 17:16:32', '2021-07-03 17:16:32'),
(14, 4, 6, '3650.00', 1, '0.00', '3650.00', '2021-07-03 17:16:32', '2021-07-03 17:16:32'),
(15, 9, 5, '1250.00', 2, '0.00', '2500.00', '2021-07-23 20:15:14', '2021-07-23 20:15:14'),
(16, 9, 2, '360.00', 2, '0.00', '720.00', '2021-07-23 20:15:15', '2021-07-23 20:15:15'),
(17, 9, 8, '985.00', 1, '0.00', '985.00', '2021-07-23 20:15:17', '2021-07-23 20:15:17'),
(18, 11, 5, '1250.00', 2, '0.00', '2500.00', '2021-07-23 20:16:53', '2021-07-23 20:16:53'),
(19, 11, 2, '360.00', 2, '0.00', '720.00', '2021-07-23 20:16:55', '2021-07-23 20:16:55'),
(20, 11, 8, '985.00', 1, '0.00', '985.00', '2021-07-23 20:16:57', '2021-07-23 20:16:57'),
(21, 12, 2, '360.00', 1, '0.00', '360.00', '2021-09-30 21:37:33', '2021-09-30 21:37:33'),
(22, 13, 1, '150.00', 1, '0.00', '150.00', '2021-09-30 22:13:16', '2021-09-30 22:13:16'),
(23, 14, 6, '3650.00', 2, '0.00', '7300.00', '2021-10-01 01:52:22', '2021-10-01 01:52:22'),
(24, 14, 7, '985.00', 2, '0.00', '1970.00', '2021-10-01 01:52:22', '2021-10-01 01:52:22'),
(25, 14, 8, '985.00', 1, '0.00', '985.00', '2021-10-01 01:52:22', '2021-10-01 01:52:22'),
(26, 15, 4, '950.00', 1, '0.00', '950.00', '2021-10-01 02:30:14', '2021-10-01 02:30:14'),
(27, 15, 8, '985.00', 1, '0.00', '985.00', '2021-10-01 02:30:14', '2021-10-01 02:30:14'),
(28, 15, 5, '1250.00', 1, '0.00', '1250.00', '2021-10-01 02:30:14', '2021-10-01 02:30:14'),
(35, 17, 4, '950.00', 1, '0.00', '950.00', '2021-10-01 06:53:58', '2021-10-01 06:53:58'),
(36, 17, 8, '985.00', 1, '0.00', '985.00', '2021-10-01 06:53:58', '2021-10-01 06:53:58'),
(37, 17, 5, '1250.00', 1, '0.00', '1250.00', '2021-10-01 06:53:58', '2021-10-01 06:53:58'),
(38, 17, 6, '3650.00', 2, '0.00', '7300.00', '2021-10-01 06:53:58', '2021-10-01 06:53:58'),
(39, 17, 7, '985.00', 2, '0.00', '1970.00', '2021-10-01 06:53:58', '2021-10-01 06:53:58'),
(40, 17, 8, '985.00', 1, '0.00', '985.00', '2021-10-01 06:53:58', '2021-10-01 06:53:58'),
(41, 18, 2, '360.00', 1, '0.00', '360.00', '2021-10-03 06:26:40', '2021-10-03 06:26:40'),
(42, 18, 3, '320.00', 1, '0.00', '320.00', '2021-10-03 06:26:40', '2021-10-03 06:26:40'),
(43, 18, 4, '950.00', 1, '0.00', '950.00', '2021-10-03 06:26:40', '2021-10-03 06:26:40'),
(44, 19, 2, '360.00', 3, '0.00', '1080.00', '2021-10-04 05:58:42', '2021-10-04 05:58:42'),
(45, 19, 3, '320.00', 1, '0.00', '320.00', '2021-10-04 05:58:42', '2021-10-04 05:58:42'),
(46, 19, 8, '985.00', 1, '0.00', '985.00', '2021-10-04 05:58:42', '2021-10-04 05:58:42'),
(47, 20, 3, '320.00', 1, '0.00', '320.00', '2021-10-09 05:20:34', '2021-10-09 05:20:34'),
(48, 20, 4, '950.00', 1, '0.00', '950.00', '2021-10-09 05:20:34', '2021-10-09 05:20:34'),
(49, 21, 2, '360.00', 1, '0.00', '360.00', '2021-10-11 06:01:08', '2021-10-11 06:01:08'),
(50, 21, 3, '320.00', 1, '0.00', '320.00', '2021-10-11 06:01:08', '2021-10-11 06:01:08'),
(51, 21, 4, '950.00', 1, '0.00', '950.00', '2021-10-11 06:01:08', '2021-10-11 06:01:08'),
(52, 22, 2, '360.00', 1, '0.00', '360.00', '2021-10-11 07:01:07', '2021-10-11 07:01:07'),
(53, 22, 3, '320.00', 1, '0.00', '320.00', '2021-10-11 07:01:07', '2021-10-11 07:01:07'),
(54, 22, 8, '985.00', 1, '0.00', '985.00', '2021-10-11 07:01:07', '2021-10-11 07:01:07'),
(55, 23, 1, '150.00', 5, '0.00', '750.00', '2021-10-19 23:17:59', '2021-10-19 23:17:59'),
(56, 25, 7, '985.00', 1, '0.00', '985.00', '2021-10-19 23:22:50', '2021-10-19 23:22:50'),
(57, 26, 2, '360.00', 1, '0.00', '360.00', '2021-10-19 23:36:51', '2021-10-19 23:36:51'),
(58, 27, 2, '360.00', 1, '0.00', '360.00', '2021-10-19 23:50:21', '2021-10-19 23:50:21'),
(59, 29, 3, '320.00', 1, '0.00', '320.00', '2021-10-19 23:55:57', '2021-10-19 23:55:57'),
(60, 30, 2, '360.00', 1, '0.00', '360.00', '2021-10-20 00:15:23', '2021-10-20 00:15:23'),
(61, 30, 3, '320.00', 1, '0.00', '320.00', '2021-10-20 00:15:23', '2021-10-20 00:15:23'),
(62, 30, 5, '1250.00', 1, '0.00', '1250.00', '2021-10-20 00:15:23', '2021-10-20 00:15:23'),
(63, 32, 2, '360.00', 1, '0.00', '360.00', '2021-10-20 00:17:00', '2021-10-20 00:17:00'),
(64, 33, 6, '3650.00', 1, '0.00', '3650.00', '2021-10-20 00:18:48', '2021-10-20 00:18:48'),
(65, 34, 3, '320.00', 1, '0.00', '320.00', '2021-10-22 07:38:41', '2021-10-22 07:38:41'),
(66, 34, 8, '985.00', 1, '0.00', '985.00', '2021-10-22 07:38:41', '2021-10-22 07:38:41'),
(67, 34, 20, '40.00', 1, '0.00', '40.00', '2021-10-22 07:38:41', '2021-10-22 07:38:41'),
(68, 35, 3, '320.00', 1, '0.00', '320.00', '2021-10-22 07:51:59', '2021-10-22 07:51:59'),
(69, 35, 4, '950.00', 1, '0.00', '950.00', '2021-10-22 07:51:59', '2021-10-22 07:51:59'),
(70, 35, 1, '150.00', 1, '0.00', '150.00', '2021-10-22 07:51:59', '2021-10-22 07:51:59'),
(71, 36, 2, '360.00', 3, '0.00', '1080.00', '2021-10-23 08:48:57', '2021-10-23 08:48:57'),
(72, 37, 2, '360.00', 1, '0.00', '360.00', '2021-10-23 09:22:09', '2021-10-23 09:22:09'),
(73, 38, 6, '3650.00', 1, '0.00', '3650.00', '2021-10-23 09:22:54', '2021-10-23 09:22:54'),
(74, 39, 5, '1250.00', 1, '0.00', '1250.00', '2021-10-23 09:39:55', '2021-10-23 09:39:55'),
(75, 41, 6, '3650.00', 1, '0.00', '3650.00', '2021-10-23 09:40:49', '2021-10-23 09:40:49'),
(76, 42, 1, '150.00', 2, '0.00', '300.00', '2021-10-28 07:32:57', '2021-10-28 07:32:57'),
(77, 42, 2, '200.00', 2, '0.00', '400.00', '2021-10-28 07:32:57', '2021-10-28 07:32:57'),
(78, 43, 4, '650.00', 1, '0.00', '650.00', '2021-10-28 07:40:23', '2021-10-28 07:40:23'),
(79, 43, 7, '350.00', 1, '0.00', '350.00', '2021-10-28 07:40:23', '2021-10-28 07:40:23'),
(80, 44, 7, '350.00', 2, '0.00', '700.00', '2021-10-29 20:06:04', '2021-10-29 20:06:04'),
(81, 45, 4, '650.00', 1, '0.00', '650.00', '2021-10-29 20:07:38', '2021-10-29 20:07:38'),
(82, 46, 1, '150.00', 1, '0.00', '150.00', '2021-10-29 20:08:04', '2021-10-29 20:08:04'),
(83, 47, 20, '150.00', 1, '0.00', '150.00', '2021-10-29 20:09:23', '2021-10-29 20:09:23'),
(84, 48, 19, '150.00', 1, '0.00', '150.00', '2021-10-29 20:09:45', '2021-10-29 20:09:45'),
(85, 49, 7, '350.00', 1, '0.00', '350.00', '2021-10-29 20:16:41', '2021-10-29 20:16:41'),
(86, 50, 8, '500.00', 1, '0.00', '500.00', '2021-10-29 20:19:03', '2021-10-29 20:19:03'),
(87, 51, 6, '150.00', 1, '0.00', '150.00', '2021-10-29 20:20:00', '2021-10-29 20:20:00'),
(88, 52, 3, '500.00', 1, '0.00', '500.00', '2021-10-29 20:21:03', '2021-10-29 20:21:03'),
(89, 53, 1, '150.00', 3, '0.00', '450.00', '2021-10-31 08:24:34', '2021-10-31 08:24:34'),
(91, 57, 1, '150.00', 2, '30.00', '300.00', '2021-11-04 07:26:27', '2021-11-04 07:26:27'),
(95, 69, 4, '650.00', 1, '0.00', '650.00', '2021-11-04 06:07:07', '2021-11-04 06:07:07'),
(100, 71, 2, '200.00', 1, '30.00', '140.00', '2021-11-04 16:11:15', '2021-11-04 16:11:15'),
(101, 71, 3, '500.00', 2, '30.00', '700.00', '2021-11-04 16:11:20', '2021-11-04 16:11:20'),
(102, 71, 8, '500.00', 3, '0.00', '1500.00', '2021-11-04 16:11:26', '2021-11-04 16:11:26'),
(103, 71, 1, '150.00', 1, '30.00', '105.00', '2021-11-04 16:11:34', '2021-11-04 16:11:34'),
(104, 71, 20, '150.00', 1, '0.00', '150.00', '2021-11-04 16:12:01', '2021-11-04 16:12:01'),
(108, 76, 1, '150.00', 2, '30.00', '210.00', '2021-11-05 05:44:28', '2021-11-05 05:44:28'),
(109, 76, 5, '360.00', 2, '0.00', '720.00', '2021-11-05 05:44:41', '2021-11-05 05:44:41'),
(110, 76, 2, '200.00', 1, '30.00', '140.00', '2021-11-05 05:44:49', '2021-11-05 05:44:49'),
(111, 77, 2, '200.00', 1, '30.00', '140.00', '2021-11-05 06:44:58', '2021-11-05 06:44:58'),
(112, 77, 4, '650.00', 2, '40.00', '780.00', '2021-11-05 06:45:21', '2021-11-05 06:45:21'),
(113, 77, 6, '150.00', 3, '0.00', '450.00', '2021-11-05 06:45:29', '2021-11-05 06:45:29'),
(114, 81, 1, '150.00', 1, '30.00', '105.00', '2021-11-05 07:14:04', '2021-11-05 07:14:04'),
(115, 81, 2, '200.00', 1, '30.00', '140.00', '2021-11-05 07:14:19', '2021-11-05 07:14:19'),
(126, 87, 1, '150.00', 2, '30.00', '210.00', '2021-11-05 09:56:04', '2021-11-05 09:56:04'),
(127, 87, 3, '500.00', 1, '30.00', '350.00', '2021-11-05 09:56:10', '2021-11-05 09:56:10'),
(132, 90, 1, '150.00', 5, '30.00', '525.00', '2021-11-05 10:09:06', '2021-11-05 10:09:06'),
(133, 90, 3, '500.00', 2, '30.00', '700.00', '2021-11-05 10:09:11', '2021-11-05 10:09:11'),
(134, 91, 1, '150.00', 3, '30.00', '315.00', '2021-11-05 10:12:23', '2021-11-05 10:12:23'),
(135, 91, 2, '200.00', 3, '30.00', '420.00', '2021-11-05 10:12:27', '2021-11-05 10:12:45'),
(136, 92, 2, '200.00', 3, '30.00', '420.00', '2021-11-05 10:23:14', '2021-11-05 10:23:14'),
(137, 92, 1, '150.00', 2, '30.00', '210.00', '2021-11-05 10:23:19', '2021-11-05 10:23:19'),
(138, 93, 1, '150.00', 1, '30.00', '105.00', '2021-11-05 10:26:25', '2021-11-05 10:26:25'),
(139, 93, 2, '200.00', 2, '30.00', '280.00', '2021-11-05 10:26:34', '2021-11-05 10:26:58'),
(140, 94, 1, '150.00', 3, '30.00', '315.00', '2021-11-05 10:48:21', '2021-11-05 10:49:32'),
(141, 94, 2, '200.00', 1, '30.00', '140.00', '2021-11-05 10:48:28', '2021-11-05 10:48:28'),
(142, 95, 1, '150.00', 2, '30.00', '210.00', '2021-11-05 10:55:38', '2021-11-05 10:55:46'),
(143, 96, 2, '200.00', 1, '30.00', '140.00', '2021-11-05 10:56:05', '2021-11-05 10:56:20'),
(144, 97, 1, '150.00', 2, '30.00', '210.00', '2021-11-05 12:05:53', '2021-11-05 12:05:53'),
(145, 97, 4, '650.00', 1, '40.00', '390.00', '2021-11-05 12:06:01', '2021-11-05 12:06:01'),
(146, 98, 2, '200.00', 1, '0.00', '200.00', '2021-11-06 23:02:57', '2021-11-06 23:02:57'),
(147, 98, 7, '350.00', 1, '0.00', '350.00', '2021-11-06 23:02:57', '2021-11-06 23:02:57'),
(148, 98, 8, '500.00', 1, '0.00', '500.00', '2021-11-06 23:02:57', '2021-11-06 23:02:57'),
(149, 99, 7, '350.00', 1, '0.00', '350.00', '2021-11-06 23:05:24', '2021-11-06 23:05:24'),
(150, 99, 8, '500.00', 1, '0.00', '500.00', '2021-11-06 23:05:24', '2021-11-06 23:05:24'),
(151, 99, 6, '150.00', 1, '0.00', '150.00', '2021-11-06 23:05:24', '2021-11-06 23:05:24'),
(152, 100, 8, '500.00', 1, '0.00', '500.00', '2021-11-06 23:09:50', '2021-11-06 23:09:50'),
(153, 100, 7, '350.00', 1, '0.00', '350.00', '2021-11-06 23:09:50', '2021-11-06 23:09:50'),
(154, 100, 6, '150.00', 1, '0.00', '150.00', '2021-11-06 23:09:50', '2021-11-06 23:09:50'),
(155, 101, 8, '500.00', 1, '0.00', '500.00', '2021-11-06 23:11:20', '2021-11-06 23:11:20'),
(156, 101, 6, '150.00', 1, '0.00', '150.00', '2021-11-06 23:11:20', '2021-11-06 23:11:20'),
(157, 102, 4, '650.00', 1, '0.00', '650.00', '2021-11-06 23:14:03', '2021-11-06 23:14:03'),
(158, 102, 7, '350.00', 1, '0.00', '350.00', '2021-11-06 23:14:03', '2021-11-06 23:14:03'),
(159, 103, 7, '350.00', 1, '0.00', '350.00', '2021-11-06 23:18:58', '2021-11-06 23:18:58'),
(160, 103, 8, '500.00', 1, '0.00', '500.00', '2021-11-06 23:18:58', '2021-11-06 23:18:58'),
(161, 103, 2, '200.00', 1, '0.00', '200.00', '2021-11-06 23:18:58', '2021-11-06 23:18:58'),
(162, 104, 2, '200.00', 1, '0.00', '200.00', '2021-11-06 23:19:43', '2021-11-06 23:19:43'),
(163, 104, 7, '350.00', 1, '0.00', '350.00', '2021-11-06 23:19:43', '2021-11-06 23:19:43'),
(164, 104, 8, '500.00', 1, '0.00', '500.00', '2021-11-06 23:19:43', '2021-11-06 23:19:43'),
(165, 105, 2, '200.00', 1, '0.00', '200.00', '2021-11-06 23:20:56', '2021-11-06 23:20:56'),
(166, 105, 7, '350.00', 1, '0.00', '350.00', '2021-11-06 23:20:56', '2021-11-06 23:20:56'),
(167, 105, 4, '650.00', 1, '0.00', '650.00', '2021-11-06 23:20:56', '2021-11-06 23:20:56'),
(168, 106, 7, '350.00', 1, '0.00', '350.00', '2021-11-06 23:24:03', '2021-11-06 23:24:03'),
(169, 107, 1, '150.00', 2, '30.00', '210.00', '2021-11-07 15:26:34', '2021-11-07 15:26:34'),
(170, 107, 3, '500.00', 1, '30.00', '350.00', '2021-11-07 15:26:41', '2021-11-07 15:26:41'),
(171, 108, 1, '150.00', 1, '30.00', '105.00', '2021-11-07 16:38:38', '2021-11-07 16:38:38'),
(172, 109, 1, '150.00', 1, '30.00', '105.00', '2021-11-07 17:04:52', '2021-11-07 17:04:52'),
(173, 110, 1, '150.00', 1, '30.00', '105.00', '2021-11-07 17:30:50', '2021-11-07 17:30:50'),
(174, 111, 1, '150.00', 2, '30.00', '210.00', '2021-11-07 17:31:54', '2021-11-07 17:31:54'),
(175, 111, 2, '200.00', 2, '30.00', '280.00', '2021-11-07 17:31:58', '2021-11-07 17:31:58'),
(176, 111, 5, '360.00', 3, '0.00', '1080.00', '2021-11-07 17:32:04', '2021-11-07 17:32:04'),
(177, 112, 3, '500.00', 1, '0.00', '500.00', '2021-11-07 11:15:02', '2021-11-07 11:15:02'),
(178, 112, 6, '150.00', 1, '0.00', '150.00', '2021-11-07 11:15:02', '2021-11-07 11:15:02'),
(179, 112, 19, '150.00', 1, '0.00', '150.00', '2021-11-07 11:15:02', '2021-11-07 11:15:02'),
(180, 112, 7, '350.00', 1, '0.00', '350.00', '2021-11-07 11:15:02', '2021-11-07 11:15:02'),
(181, 114, 2, '200.00', 1, '30.00', '140.00', '2021-11-07 18:25:45', '2021-11-07 18:25:45'),
(182, 116, 7, '350.00', 4, '0.00', '1400.00', '2021-11-07 18:27:15', '2021-11-07 18:27:15'),
(183, 117, 5, '360.00', 2, '0.00', '720.00', '2021-11-07 18:27:42', '2021-11-07 18:27:42'),
(184, 118, 1, '150.00', 1, '30.00', '105.00', '2021-11-08 02:55:11', '2021-11-08 02:55:11'),
(185, 119, 7, '350.00', 1, '0.00', '350.00', '2021-11-07 20:43:28', '2021-11-07 20:43:28'),
(186, 119, 8, '500.00', 1, '0.00', '500.00', '2021-11-07 20:43:28', '2021-11-07 20:43:28'),
(187, 119, 5, '360.00', 1, '0.00', '360.00', '2021-11-07 20:43:28', '2021-11-07 20:43:28'),
(188, 120, 7, '350.00', 1, '0.00', '350.00', '2021-11-07 20:49:37', '2021-11-07 20:49:37'),
(189, 120, 5, '360.00', 1, '0.00', '360.00', '2021-11-07 20:49:37', '2021-11-07 20:49:37'),
(190, 120, 20, '150.00', 1, '0.00', '150.00', '2021-11-07 20:49:37', '2021-11-07 20:49:37'),
(191, 121, 7, '350.00', 1, '0.00', '350.00', '2021-11-07 20:50:25', '2021-11-07 20:50:25'),
(192, 121, 8, '500.00', 1, '0.00', '500.00', '2021-11-07 20:50:25', '2021-11-07 20:50:25'),
(193, 121, 5, '360.00', 1, '0.00', '360.00', '2021-11-07 20:50:25', '2021-11-07 20:50:25'),
(194, 122, 7, '350.00', 1, '0.00', '350.00', '2021-11-07 20:51:00', '2021-11-07 20:51:00'),
(195, 122, 4, '650.00', 1, '0.00', '650.00', '2021-11-07 20:51:00', '2021-11-07 20:51:00'),
(196, 122, 6, '150.00', 1, '0.00', '150.00', '2021-11-07 20:51:00', '2021-11-07 20:51:00'),
(197, 123, 7, '350.00', 1, '0.00', '350.00', '2021-11-07 20:58:35', '2021-11-07 20:58:35'),
(198, 123, 4, '650.00', 1, '0.00', '650.00', '2021-11-07 20:58:35', '2021-11-07 20:58:35'),
(199, 123, 6, '150.00', 1, '0.00', '150.00', '2021-11-07 20:58:35', '2021-11-07 20:58:35'),
(200, 124, 1, '150.00', 1, '0.00', '150.00', '2021-11-07 21:36:29', '2021-11-07 21:36:29'),
(201, 127, 19, '10.00', 19, '0.00', '190.00', '2021-11-08 08:21:33', '2021-11-08 08:21:33'),
(202, 127, 20, '5.00', 1, '0.00', '5.00', '2021-11-08 08:21:45', '2021-11-08 08:21:45'),
(203, 128, 20, '5.00', 2, '0.00', '10.00', '2021-11-08 01:41:16', '2021-11-08 01:41:16'),
(204, 128, 19, '10.00', 3, '0.00', '30.00', '2021-11-08 01:41:16', '2021-11-08 01:41:16'),
(205, 131, 19, '10.00', 1, '0.00', '10.00', '2021-11-09 08:23:17', '2021-11-09 08:23:17'),
(206, 131, 20, '5.00', 8, '0.00', '40.00', '2021-11-09 08:23:17', '2021-11-09 08:23:17'),
(207, 132, 2, '200.00', 2, '0.00', '400.00', '2021-11-14 06:46:18', '2021-11-14 06:46:18'),
(208, 133, 4, '650.00', 1, '0.00', '650.00', '2021-11-14 04:57:41', '2021-11-14 04:57:41'),
(209, 133, 7, '350.00', 1, '0.00', '350.00', '2021-11-14 04:57:41', '2021-11-14 04:57:41'),
(210, 133, 8, '500.00', 1, '0.00', '500.00', '2021-11-14 04:57:41', '2021-11-14 04:57:41'),
(211, 134, 3, '500.00', 1, '0.00', '500.00', '2021-11-14 05:09:12', '2021-11-14 05:09:12'),
(212, 134, 8, '500.00', 1, '0.00', '500.00', '2021-11-14 05:09:12', '2021-11-14 05:09:12'),
(213, 136, 1, '150.00', 1, '0.00', '150.00', '2021-11-15 15:11:54', '2021-11-15 15:11:54'),
(214, 137, 1, '150.00', 1, '0.00', '150.00', '2021-11-15 15:23:13', '2021-11-15 15:23:13'),
(215, 137, 2, '200.00', 1, '0.00', '200.00', '2021-11-15 15:23:21', '2021-11-15 15:23:21'),
(216, 138, 3, '500.00', 1, '0.00', '500.00', '2021-11-15 15:55:43', '2021-11-15 15:55:43'),
(217, 138, 19, '10.00', 1, '0.00', '10.00', '2021-11-15 15:56:28', '2021-11-15 15:56:28'),
(218, 139, 5, '360.00', 2, '0.00', '720.00', '2021-11-15 17:12:14', '2021-11-15 17:12:14'),
(219, 139, 3, '500.00', 2, '0.00', '1000.00', '2021-11-15 17:13:00', '2021-11-15 17:13:00'),
(220, 140, 3, '500.00', 1, '0.00', '500.00', '2021-11-15 17:15:57', '2021-11-15 17:15:57'),
(221, 141, 3, '500.00', 1, '0.00', '500.00', '2021-11-15 17:21:35', '2021-11-15 17:21:35'),
(222, 142, 1, '150.00', 1, '0.00', '150.00', '2021-11-16 08:10:49', '2021-11-16 08:10:49'),
(223, 142, 3, '500.00', 1, '0.00', '500.00', '2021-11-16 08:10:49', '2021-11-16 08:10:49'),
(224, 142, 5, '360.00', 2, '0.00', '720.00', '2021-11-16 08:10:49', '2021-11-16 08:10:49'),
(225, 143, 3, '500.00', 1, '0.00', '500.00', '2021-11-17 00:16:29', '2021-11-17 00:16:29'),
(226, 144, 3, '500.00', 2, '0.00', '1000.00', '2021-11-17 00:54:46', '2021-11-17 00:54:58'),
(227, 145, 3, '500.00', 1, '0.00', '500.00', '2021-11-17 00:56:05', '2021-11-17 00:56:05'),
(228, 145, 6, '150.00', 2, '0.00', '300.00', '2021-11-17 00:56:21', '2021-11-17 00:56:34'),
(229, 146, 21, '60.00', 2, '0.00', '120.00', '2023-03-10 00:54:09', '2023-03-10 00:54:09'),
(230, 147, 4, '650.00', 1, '0.00', '650.00', '2023-03-11 07:20:15', '2023-03-11 07:20:15'),
(231, 147, 6, '150.00', 1, '0.00', '150.00', '2023-03-11 07:20:15', '2023-03-11 07:20:15'),
(232, 148, 3, '500.00', 1, '0.00', '500.00', '2023-03-13 09:27:32', '2023-03-13 09:27:32'),
(233, 148, 29, '4.00', 2, '0.00', '8.00', '2023-03-13 09:27:32', '2023-03-13 09:27:32'),
(234, 149, 28, '14.00', 2, '0.00', '28.00', '2023-03-13 09:30:25', '2023-03-13 09:30:25'),
(235, 150, 8, '500.00', 1, '0.00', '500.00', '2023-03-13 09:33:42', '2023-03-13 09:33:42'),
(236, 151, 8, '500.00', 1, '0.00', '500.00', '2023-03-13 09:42:24', '2023-03-13 09:42:24'),
(237, 162, 29, '4.00', 2, '0.00', '8.00', '2023-03-13 11:04:12', '2023-03-13 11:04:12'),
(238, 163, 6, '150.00', 1, '0.00', '150.00', '2023-03-13 11:09:07', '2023-03-13 11:09:07'),
(239, 171, 6, '150.00', 1, '0.00', '150.00', '2023-03-13 11:23:05', '2023-03-13 11:23:05'),
(240, 172, 5, '360.00', 1, '0.00', '360.00', '2023-03-13 11:23:31', '2023-03-13 11:23:31'),
(241, 173, 4, '650.00', 1, '0.00', '650.00', '2023-03-13 11:25:50', '2023-03-13 11:25:50'),
(242, 174, 4, '650.00', 1, '0.00', '650.00', '2023-03-13 11:26:44', '2023-03-13 11:26:44'),
(243, 175, 3, '500.00', 1, '0.00', '500.00', '2023-03-13 11:32:08', '2023-03-13 11:32:08'),
(244, 176, 8, '500.00', 1, '0.00', '500.00', '2023-03-13 11:35:57', '2023-03-13 11:35:57'),
(245, 179, 28, '14.00', 2, '0.00', '28.00', '2023-03-13 11:36:47', '2023-03-13 11:36:47'),
(246, 180, 29, '4.00', 4, '0.00', '16.00', '2023-03-13 11:37:32', '2023-03-13 11:37:32'),
(247, 181, 6, '150.00', 1, '0.00', '150.00', '2023-03-13 11:38:24', '2023-03-13 11:38:24'),
(248, 182, 28, '14.00', 1, '0.00', '14.00', '2023-03-13 11:38:59', '2023-03-13 11:38:59'),
(249, 183, 28, '14.00', 1, '0.00', '14.00', '2023-03-13 11:39:16', '2023-03-13 11:39:16'),
(250, 184, 5, '360.00', 1, '0.00', '360.00', '2023-03-13 11:41:01', '2023-03-13 11:41:01'),
(251, 185, 4, '650.00', 1, '0.00', '650.00', '2023-03-15 00:53:30', '2023-03-15 00:53:30'),
(252, 186, 4, '650.00', 1, '0.00', '650.00', '2023-03-15 00:55:02', '2023-03-15 00:55:02');

-- --------------------------------------------------------

--
-- Cấu trúc bảng cho bảng `login_time`
--

DROP TABLE IF EXISTS `login_time`;
CREATE TABLE IF NOT EXISTS `login_time` (
  `id` int(11) NOT NULL AUTO_INCREMENT,
  `employee_id` int(11) NOT NULL,
  `status` int(11) NOT NULL DEFAULT '0',
  `check_in` datetime DEFAULT NULL,
  `check_out` datetime DEFAULT NULL,
  `total_time` varchar(26) COLLATE utf8mb4_unicode_ci DEFAULT NULL,
  PRIMARY KEY (`id`),
  KEY `staff_id` (`employee_id`)
) ENGINE=MyISAM AUTO_INCREMENT=7 DEFAULT CHARSET=utf8mb4 COLLATE=utf8mb4_unicode_ci;

--
-- Đang đổ dữ liệu cho bảng `login_time`
--

INSERT INTO `login_time` (`id`, `employee_id`, `status`, `check_in`, `check_out`, `total_time`) VALUES
(1, 2, 1, '2021-10-10 21:48:34', NULL, NULL);

-- --------------------------------------------------------

--
-- Cấu trúc bảng cho bảng `migrations`
--

DROP TABLE IF EXISTS `migrations`;
CREATE TABLE IF NOT EXISTS `migrations` (
  `id` int(10) UNSIGNED NOT NULL AUTO_INCREMENT,
  `migration` varchar(255) COLLATE utf8mb4_unicode_ci NOT NULL,
  `batch` int(11) NOT NULL,
  PRIMARY KEY (`id`)
) ENGINE=MyISAM AUTO_INCREMENT=2 DEFAULT CHARSET=utf8mb4 COLLATE=utf8mb4_unicode_ci;

--
-- Đang đổ dữ liệu cho bảng `migrations`
--

INSERT INTO `migrations` (`id`, `migration`, `batch`) VALUES
(1, '2021_05_27_163845_create_permission_tables', 1);

-- --------------------------------------------------------

--
-- Cấu trúc bảng cho bảng `model_has_permissions`
--

DROP TABLE IF EXISTS `model_has_permissions`;
CREATE TABLE IF NOT EXISTS `model_has_permissions` (
  `permission_id` bigint(20) UNSIGNED NOT NULL,
  `model_type` varchar(191) COLLATE utf8mb4_unicode_ci NOT NULL,
  `model_id` bigint(20) UNSIGNED NOT NULL,
  PRIMARY KEY (`permission_id`,`model_id`,`model_type`),
  KEY `model_has_permissions_model_id_model_type_index` (`model_id`,`model_type`)
) ENGINE=MyISAM DEFAULT CHARSET=utf8mb4 COLLATE=utf8mb4_unicode_ci;

--
-- Đang đổ dữ liệu cho bảng `model_has_permissions`
--

INSERT INTO `model_has_permissions` (`permission_id`, `model_type`, `model_id`) VALUES
(1, 'App\\Models\\User', 2);

-- --------------------------------------------------------

--
-- Cấu trúc bảng cho bảng `model_has_roles`
--

DROP TABLE IF EXISTS `model_has_roles`;
CREATE TABLE IF NOT EXISTS `model_has_roles` (
  `role_id` bigint(20) UNSIGNED NOT NULL,
  `model_type` varchar(191) COLLATE utf8mb4_unicode_ci NOT NULL,
  `model_id` bigint(20) UNSIGNED NOT NULL,
  PRIMARY KEY (`role_id`,`model_id`,`model_type`),
  KEY `model_has_roles_model_id_model_type_index` (`model_id`,`model_type`)
) ENGINE=MyISAM DEFAULT CHARSET=utf8mb4 COLLATE=utf8mb4_unicode_ci;

--
-- Đang đổ dữ liệu cho bảng `model_has_roles`
--

INSERT INTO `model_has_roles` (`role_id`, `model_type`, `model_id`) VALUES
(1, 'App\\Models\\User', 1),
(1, 'App\\Models\\User', 50),
(2, 'App\\Models\\User', 2),
(2, 'App\\Models\\User', 83),
(2, 'App\\Models\\User', 86),
(3, 'App\\Models\\User', 68),
(3, 'App\\Models\\User', 76),
(3, 'App\\Models\\User', 78),
(3, 'App\\Models\\User', 79),
(3, 'App\\Models\\User', 80),
(3, 'App\\Models\\User', 81),
(3, 'App\\Models\\User', 86);

-- --------------------------------------------------------

--
-- Cấu trúc bảng cho bảng `notification`
--

DROP TABLE IF EXISTS `notification`;
CREATE TABLE IF NOT EXISTS `notification` (
  `id` int(11) NOT NULL AUTO_INCREMENT,
  `content` varchar(100) COLLATE utf32_unicode_ci NOT NULL,
  `user_id` int(11) NOT NULL,
  `status` int(11) NOT NULL DEFAULT '1',
  `created_at` timestamp NOT NULL DEFAULT CURRENT_TIMESTAMP ON UPDATE CURRENT_TIMESTAMP,
  `updated_at` timestamp NOT NULL DEFAULT CURRENT_TIMESTAMP ON UPDATE CURRENT_TIMESTAMP,
  PRIMARY KEY (`id`)
) ENGINE=MyISAM AUTO_INCREMENT=116 DEFAULT CHARSET=utf32 COLLATE=utf32_unicode_ci;

--
-- Đang đổ dữ liệu cho bảng `notification`
--

INSERT INTO `notification` (`id`, `content`, `user_id`, `status`, `created_at`, `updated_at`) VALUES
(1, 'Your order has been received', 48, 1, '2021-09-26 05:58:06', '2021-09-27 06:56:28'),
(2, 'Your order has been received', 48, 1, '2021-09-26 05:58:06', '2021-09-27 06:56:28'),
(3, 'Your order has been received', 3, 1, '2021-09-26 05:58:06', '2021-09-26 05:58:06'),
(4, 'Your order has been received', 1, 0, '2023-03-10 16:42:47', '2023-03-10 09:42:47'),
(5, 'Your order has been received', 1, 0, '2023-03-10 16:42:54', '2023-03-10 09:42:54'),
(6, 'Your order has been received', 53, 1, '2021-09-30 06:10:31', '2021-09-30 06:10:31'),
(7, 'Your order has been received', 53, 1, '2021-09-30 06:50:38', '2021-09-30 06:50:38'),
(8, 'Your order has been received', 53, 1, '2021-09-30 06:58:30', '2021-09-30 06:58:30'),
(9, 'Your order has been received', 54, 1, '2021-09-30 21:37:33', '2021-09-30 21:37:33'),
(10, 'Your order has been received', 54, 1, '2021-09-30 22:13:16', '2021-09-30 22:13:16'),
(11, 'Your order has been received', 1, 0, '2023-03-10 16:42:54', '2023-03-10 09:42:54'),
(12, 'Your order has been received', 1, 0, '2023-03-10 16:42:54', '2023-03-10 09:42:54'),
(13, 'Your order has been received', 1, 0, '2023-03-10 16:42:54', '2023-03-10 09:42:54'),
(14, 'Your order has been received', 1, 0, '2023-03-10 16:42:54', '2023-03-10 09:42:54'),
(15, 'Your order has been received', 1, 0, '2023-03-10 16:42:54', '2023-03-10 09:42:54'),
(16, 'Your order has been received', 1, 0, '2023-03-10 16:42:54', '2023-03-10 09:42:54'),
(17, 'Your order has been received', 1, 0, '2023-03-10 16:42:54', '2023-03-10 09:42:54'),
(18, 'Your order has been received', 1, 0, '2023-03-10 16:42:54', '2023-03-10 09:42:54'),
(19, 'Your order has been received', 54, 1, '2021-10-04 05:58:42', '2021-10-04 05:58:42'),
(20, 'Your order has been received', 48, 1, '2021-10-09 05:20:34', '2021-10-09 05:20:34'),
(21, 'Your order has been received', 1, 0, '2023-03-10 16:42:54', '2023-03-10 09:42:54'),
(22, 'Your order has been received', 76, 0, '2021-10-30 03:04:20', '2021-10-29 20:04:20'),
(23, 'Your order has been received', 76, 0, '2021-10-30 03:04:20', '2021-10-29 20:04:20'),
(24, 'Your order has been received', 76, 0, '2021-10-30 03:04:20', '2021-10-29 20:04:20'),
(25, 'Your order has been received', 76, 0, '2021-10-30 03:04:20', '2021-10-29 20:04:20'),
(26, 'Your order has been received', 76, 0, '2021-10-30 03:04:20', '2021-10-29 20:04:20'),
(27, 'Your order has been received', 76, 0, '2021-10-30 03:04:20', '2021-10-29 20:04:20'),
(28, 'Your order has been received', 76, 0, '2021-10-30 03:04:20', '2021-10-29 20:04:20'),
(29, 'Your order has been received', 76, 0, '2021-10-30 03:04:20', '2021-10-29 20:04:20'),
(30, 'Your order has been received', 76, 0, '2021-10-30 03:04:20', '2021-10-29 20:04:20'),
(31, 'Your order has been received', 76, 0, '2021-10-30 03:04:20', '2021-10-29 20:04:20'),
(32, 'Your order has been received', 76, 0, '2021-10-30 03:04:20', '2021-10-29 20:04:20'),
(33, 'Your order has been received', 76, 0, '2021-10-30 03:04:20', '2021-10-29 20:04:20'),
(34, 'Your order has been received', 76, 0, '2021-10-30 03:04:20', '2021-10-29 20:04:20'),
(35, 'Your order has been received', 76, 0, '2021-10-30 03:04:20', '2021-10-29 20:04:20'),
(36, 'Your order has been received', 76, 0, '2021-10-30 03:04:20', '2021-10-29 20:04:20'),
(37, 'Your order has been received', 76, 0, '2021-10-30 03:04:20', '2021-10-29 20:04:20'),
(38, 'Your order has been received', 76, 0, '2021-10-30 03:04:20', '2021-10-29 20:04:20'),
(39, 'Your order has been received', 76, 0, '2021-10-30 03:04:20', '2021-10-29 20:04:20'),
(40, 'Your order has been received', 76, 0, '2021-10-30 03:04:20', '2021-10-29 20:04:20'),
(41, 'Your order has been received', 76, 0, '2021-10-30 03:04:20', '2021-10-29 20:04:20'),
(42, 'Your order has been received', 76, 0, '2021-10-30 03:04:20', '2021-10-29 20:04:20'),
(43, 'Your order has been received', 76, 0, '2021-10-30 03:04:20', '2021-10-29 20:04:20'),
(44, 'Your order has been received', 76, 0, '2021-10-30 03:04:20', '2021-10-29 20:04:20'),
(45, 'Your order has been received', 1, 0, '2023-03-10 16:42:54', '2023-03-10 09:42:54'),
(46, 'Your order has been received', 76, 0, '2021-10-30 03:04:17', '2021-10-29 20:04:17'),
(47, 'Your order has been received', 76, 0, '2021-10-30 03:04:20', '2021-10-29 20:04:20'),
(48, 'Your order has been received', 76, 0, '2021-10-30 03:04:20', '2021-10-29 20:04:20'),
(49, 'Your order has been received', 76, 0, '2021-10-30 03:04:20', '2021-10-29 20:04:20'),
(50, 'Your order has been received', 76, 0, '2021-10-30 03:15:38', '2021-10-29 20:15:38'),
(51, 'Your order has been received', 76, 0, '2021-10-30 03:15:38', '2021-10-29 20:15:38'),
(52, 'Your order has been received', 76, 0, '2021-10-30 03:15:38', '2021-10-29 20:15:38'),
(53, 'Your order has been received', 76, 0, '2021-10-30 03:15:38', '2021-10-29 20:15:38'),
(54, 'Your order has been received', 76, 0, '2021-10-30 03:15:38', '2021-10-29 20:15:38'),
(55, 'Your order has been received', 76, 0, '2021-10-30 03:28:21', '2021-10-29 20:28:21'),
(56, 'Your order has been received', 76, 0, '2021-10-30 03:28:21', '2021-10-29 20:28:21'),
(57, 'Your order has been received', 76, 0, '2021-10-30 03:28:21', '2021-10-29 20:28:21'),
(58, 'Your order has been received', 76, 0, '2021-10-30 03:28:21', '2021-10-29 20:28:21'),
(59, 'Your order has been received', 79, 1, '2021-10-31 08:24:34', '2021-10-31 08:24:34'),
(60, 'Your order has been received', 76, 0, '2021-11-07 12:58:08', '2021-11-07 05:58:08'),
(61, 'Your order has been received', 76, 0, '2021-11-07 12:58:08', '2021-11-07 05:58:08'),
(62, 'Your order has been received', 76, 0, '2021-11-07 12:58:08', '2021-11-07 05:58:08'),
(63, 'Your order has been received', 76, 0, '2021-11-07 12:58:08', '2021-11-07 05:58:08'),
(64, 'Your order has been received', 76, 0, '2021-11-07 12:58:08', '2021-11-07 05:58:08'),
(65, 'Your order has been received', 76, 0, '2021-11-07 12:58:08', '2021-11-07 05:58:08'),
(66, 'Your order has been received', 76, 0, '2021-11-07 12:58:08', '2021-11-07 05:58:08'),
(67, 'Your order has been received', 76, 0, '2021-11-07 12:58:08', '2021-11-07 05:58:08'),
(68, 'Your order has been received', 76, 0, '2021-11-07 12:58:08', '2021-11-07 05:58:08'),
(69, 'Your order has been received', 76, 0, '2021-11-07 12:58:08', '2021-11-07 05:58:08'),
(70, 'Your order has been received', 76, 0, '2021-11-08 04:41:06', '2021-11-07 21:41:06'),
(71, 'Your order has been received', 76, 0, '2021-11-08 04:41:06', '2021-11-07 21:41:06'),
(72, 'Your order has been received', 76, 0, '2021-11-08 04:41:06', '2021-11-07 21:41:06'),
(73, 'Your order has been received', 76, 0, '2021-11-08 04:41:06', '2021-11-07 21:41:06'),
(74, 'Your order has been received', 76, 0, '2021-11-08 04:41:06', '2021-11-07 21:41:06'),
(75, 'Your order has been received', 76, 0, '2021-11-08 04:41:06', '2021-11-07 21:41:06'),
(76, 'Your order has been received', 76, 1, '2021-11-08 01:41:16', '2021-11-08 01:41:16'),
(77, 'Your order has been received', 76, 1, '2021-11-09 08:23:17', '2021-11-09 08:23:17'),
(78, 'Your order has been received', 76, 1, '2021-11-14 04:57:41', '2021-11-14 04:57:41'),
(79, 'Your order has been received', 76, 1, '2021-11-14 05:09:12', '2021-11-14 05:09:12'),
(80, 'Your order has been received', 78, 0, '2021-11-16 15:11:40', '2021-11-16 08:11:40'),
(81, 'Your order has been received', 81, 0, '2023-03-10 07:55:52', '2023-03-10 00:55:52'),
(82, 'Your order has been received', 81, 0, '2023-03-11 14:26:01', '2023-03-11 07:26:01'),
(83, 'Your order has been received', 81, 0, '2023-03-13 16:27:47', '2023-03-13 09:27:47'),
(84, 'Your order has been received', 81, 0, '2023-03-13 16:33:14', '2023-03-13 09:33:14'),
(85, 'Your order has been received', 81, 0, '2023-03-13 17:08:25', '2023-03-13 10:08:25'),
(86, 'Your order has been received', 81, 0, '2023-03-13 17:09:37', '2023-03-13 10:09:37'),
(87, 'Your order has been received', 81, 0, '2023-03-15 09:06:53', '2023-03-15 02:06:53'),
(88, 'Your order has been received', 81, 0, '2023-03-15 09:06:53', '2023-03-15 02:06:53'),
(89, 'Your order has been received', 81, 0, '2023-03-15 09:06:53', '2023-03-15 02:06:53'),
(90, 'Your order has been received', 81, 0, '2023-03-15 09:06:53', '2023-03-15 02:06:53'),
(91, 'Your order has been received', 81, 0, '2023-03-15 09:06:53', '2023-03-15 02:06:53'),
(92, 'Your order has been received', 81, 0, '2023-03-15 09:06:53', '2023-03-15 02:06:53'),
(93, 'Your order has been received', 81, 0, '2023-03-15 09:06:53', '2023-03-15 02:06:53'),
(94, 'Your order has been received', 81, 0, '2023-03-15 09:06:53', '2023-03-15 02:06:53'),
(95, 'Your order has been received', 81, 0, '2023-03-15 09:06:53', '2023-03-15 02:06:53'),
(96, 'Your order has been received', 81, 0, '2023-03-15 09:06:53', '2023-03-15 02:06:53'),
(97, 'Your order has been received', 81, 0, '2023-03-15 09:06:53', '2023-03-15 02:06:53'),
(98, 'Your order has been received', 81, 0, '2023-03-15 09:06:53', '2023-03-15 02:06:53'),
(99, 'Your order has been received', 81, 0, '2023-03-15 09:06:53', '2023-03-15 02:06:53'),
(100, 'Your order has been received', 81, 0, '2023-03-15 09:06:53', '2023-03-15 02:06:53'),
(101, 'Your order has been received', 81, 0, '2023-03-15 09:06:53', '2023-03-15 02:06:53'),
(102, 'Your order has been received', 81, 0, '2023-03-15 09:06:53', '2023-03-15 02:06:53'),
(103, 'Your order has been received', 81, 0, '2023-03-15 09:06:53', '2023-03-15 02:06:53'),
(104, 'Your order has been received', 81, 0, '2023-03-15 09:06:53', '2023-03-15 02:06:53'),
(105, 'Your order has been received', 81, 0, '2023-03-15 09:06:53', '2023-03-15 02:06:53'),
(106, 'Your order has been received', 81, 0, '2023-03-15 09:06:53', '2023-03-15 02:06:53'),
(107, 'Your order has been received', 81, 0, '2023-03-15 09:06:53', '2023-03-15 02:06:53'),
(108, 'Your order has been received', 81, 0, '2023-03-15 09:06:53', '2023-03-15 02:06:53'),
(109, 'Your order has been received', 81, 0, '2023-03-15 09:06:53', '2023-03-15 02:06:53'),
(110, 'Your order has been received', 81, 0, '2023-03-15 09:06:53', '2023-03-15 02:06:53'),
(111, 'Your order has been received', 81, 0, '2023-03-15 09:06:53', '2023-03-15 02:06:53'),
(112, 'Your order has been received', 81, 0, '2023-03-15 09:06:53', '2023-03-15 02:06:53'),
(113, 'Your order has been received', 81, 0, '2023-03-15 09:06:53', '2023-03-15 02:06:53'),
(114, 'Your order has been received', 81, 0, '2023-03-15 09:06:53', '2023-03-15 02:06:53'),
(115, 'Your order has been received', 81, 0, '2023-03-15 09:06:53', '2023-03-15 02:06:53');

-- --------------------------------------------------------

--
-- Cấu trúc bảng cho bảng `permissions`
--

DROP TABLE IF EXISTS `permissions`;
CREATE TABLE IF NOT EXISTS `permissions` (
  `id` bigint(20) UNSIGNED NOT NULL AUTO_INCREMENT,
  `name` varchar(125) COLLATE utf8mb4_unicode_ci NOT NULL,
  `guard_name` varchar(125) COLLATE utf8mb4_unicode_ci NOT NULL,
  `created_at` timestamp NULL DEFAULT CURRENT_TIMESTAMP,
  `updated_at` timestamp NULL DEFAULT CURRENT_TIMESTAMP ON UPDATE CURRENT_TIMESTAMP,
  PRIMARY KEY (`id`),
  UNIQUE KEY `permissions_name_guard_name_unique` (`name`,`guard_name`)
) ENGINE=MyISAM AUTO_INCREMENT=4 DEFAULT CHARSET=utf8mb4 COLLATE=utf8mb4_unicode_ci;

--
-- Đang đổ dữ liệu cho bảng `permissions`
--

INSERT INTO `permissions` (`id`, `name`, `guard_name`, `created_at`, `updated_at`) VALUES
(1, 'edit user', 'web', '2021-05-29 03:22:43', '2021-05-29 03:22:43'),
(2, 'delete user', 'web', '2021-05-29 03:22:43', '2021-05-29 03:22:43'),
(3, 'store supplier', 'web', '2021-05-29 03:24:31', '2021-05-29 03:24:31');

-- --------------------------------------------------------

--
-- Cấu trúc bảng cho bảng `product`
--

DROP TABLE IF EXISTS `product`;
CREATE TABLE IF NOT EXISTS `product` (
  `id` int(11) NOT NULL AUTO_INCREMENT,
  `name` varchar(150) COLLATE utf32_unicode_ci NOT NULL,
  `product_code` varchar(100) COLLATE utf32_unicode_ci NOT NULL,
  `product_type_id` int(11) DEFAULT NULL,
  `supplier_id` int(11) DEFAULT NULL,
  `importPrice` int(11) DEFAULT '0',
  `price` double(15,1) DEFAULT '0.0',
  `size` varchar(50) COLLATE utf32_unicode_ci DEFAULT NULL,
  `weight` int(11) DEFAULT '0',
  `age` int(11) DEFAULT '0',
  `stock` int(11) NOT NULL DEFAULT '0',
  `description` longtext COLLATE utf32_unicode_ci,
  `image` varchar(100) COLLATE utf32_unicode_ci DEFAULT NULL,
  `origin` varchar(150) COLLATE utf32_unicode_ci DEFAULT NULL,
  `promotion_id` int(11) NOT NULL DEFAULT '0',
  `promotion_price` double NOT NULL DEFAULT '0',
  `status` tinyint(4) NOT NULL DEFAULT '0',
  `created_at` timestamp NULL DEFAULT CURRENT_TIMESTAMP,
  `updated_at` timestamp NULL DEFAULT CURRENT_TIMESTAMP ON UPDATE CURRENT_TIMESTAMP,
  PRIMARY KEY (`id`),
  KEY `FK_product_&_supplier` (`supplier_id`),
  KEY `FK_product_&_type` (`product_type_id`)
) ENGINE=InnoDB AUTO_INCREMENT=36 DEFAULT CHARSET=utf32 COLLATE=utf32_unicode_ci;

--
-- Đang đổ dữ liệu cho bảng `product`
--

INSERT INTO `product` (`id`, `name`, `product_code`, `product_type_id`, `supplier_id`, `importPrice`, `price`, `size`, `weight`, `age`, `stock`, `description`, `image`, `origin`, `promotion_id`, `promotion_price`, `status`, `created_at`, `updated_at`) VALUES
(1, 'Conan The Last Case', 'CN-146', 1, 1, 0, 150.0, '18 x 18 x16', 18, 10, 0, 'Transform into Conan or Gin: you can\'t choose but the part number will choose to replace you:\r\n\r\nThis game in this game, the player\'s role and their identity will be randomly and secretly played. Will you be Conan with many treasures in hand? Or Gin with the APTX 4869 pill canceled the list. You can also be an unpredictable baby super-resistor, a super-perfect Akai Shuichi, a bubbly Bourbon or even a dozing uncle Mori. But regardless of the character, your task is still to find the truth and win.', '1623687787-conan-6.jpg', 'vietnam', 1, 150, 1, '2021-06-13 19:23:07', '2021-11-16 08:10:49'),
(2, 'Bee Smart', 'BS-14-6', 1, 1, 0, 200.0, '18 x 18 x16', 18, 10, 0, 'BeeSmart is a smart English learning game created and produced by Bee School Vietnam and Mato Vietnam Toy Company.\r\n\r\nProducts are 100% manufactured in Vietnam from design, printing to finished product processing.\r\n\r\nThe paper used is high quality 250-350 ivory paper that has been matted, clear paper for beautiful quality and especially safe for children.', '1623691706.png', 'vietnam', 1, 200, 1, '2021-10-27 19:23:07', '2021-11-15 15:23:21'),
(3, 'Brain Connect', 'BC-14-6', 1, 1, 0, 500.0, '18 x 18 x16', 18, 10, 1, 'Get your brain back on track! In Brain Connect, you need to quickly slide and connect your thoughts in the right order, then be the first to complete the correct action to win. It\'s a race to see who can think and act the fastest! These sliding puzzles have sixteen different starting and stopping points, so creating a clear train of thought is always a new challenge.', '1623688750-brain-connect-4.jpg', 'vietnam', 1, 500, 1, '2021-06-13 19:23:07', '2023-03-13 11:32:08'),
(4, 'Cosmic Encounter', 'CE-164', 1, 1, 0, 650.0, '18 x 18 x16', 18, 10, 11, 'Build a galactic empire...\r\n\r\nIn the depths of space, the alien races of the Cosmos vie with each other for control of the universe. Alliances form and shift from moment to moment, while cataclysmic battles send starships screaming into the warp.', '1623689173-cosmic-encouter-6.jpg', 'vietnam', 1, 650, 1, '2021-10-27 19:23:07', '2023-03-15 00:53:30'),
(5, 'DIFFERENCE', 'DFR-164', 1, 1, 0, 360.0, '18 x 18 x16', 18, 10, 6, 'Based on the popular \"spot the differences\" challenges found in books, newspapers and elsewhere, Difference challenges your abilities to observe and react quickly. The deck includes two sets of double-sided cards, with one set being more challenging than the other. Place one card in the center of the table, then deal the rest out to players as evenly as possible.', '1623689222-dif-4.jpg', 'vietnam', 1, 360, 1, '2021-06-13 19:23:07', '2023-03-13 11:41:01'),
(6, 'Dragomino', 'DMN-164', 1, 1, 0, 150.0, '18 x 18 x16', 18, 10, 9, 'The big moment has arrived. You have been named \"dragon trainer\", and you have the chance to meet them on a mysterious island. But you are not the only trainer sent to these lands. Who among you will discover the most baby dragons?\r\n\r\nThe Kingdomino family is expanding with Dragomino, a version for children who are going to go in search of dragon eggs.', '1623691645.jpg', 'vietnam', 1, 150, 1, '2021-06-13 19:23:07', '2023-03-13 11:23:05'),
(7, 'New York Slice', 'NYS-164', 1, 1, 0, 350.0, '18 x 18 x16', 18, 10, 0, 'Game description from the publisher:\r\n\r\nYou\'ve just been given a shot at being the head chef at the prestigious New York Slice pizza parlor. Now you and your fellow pizza chef wannabes have to make the most amazing pizzas...one slice at a time!', '1623691684.jpg', 'vietnam', 1, 350, 1, '2021-10-27 19:23:07', '2021-11-14 04:57:41'),
(8, 'SPLENDOR', 'SD-164', 1, 1, 0, 500.0, '18 x 18 x16', 18, 10, 5, 'Splendor is a game of chip-collecting and card development. Players are merchants of the Renaissance trying to buy gem mines, means of transportation, shops—all in order to acquire the most prestige points. If you\'re wealthy enough, you might even receive a visit from a noble at some point, which of course will further increase your prestige.', '1623691671.jpg', 'vietnam', 1, 500, 1, '2021-10-27 19:23:07', '2023-03-13 11:35:57'),
(19, 'Sản Phẩm 1', 'TEPGBTB-1410', 1, 1, 0, 10.0, '18 x 18 x16', 18, 15, 0, 'Receiving great support from fans with Tiny Epic Galaxies & extremely unique action Dice mechanics, Gamelyn Games decided to \"take it one step further\" and invest in developing one more expansion for the board. . This super cool space theme game. In 2017, the final product - Tiny Epic Galaxies: Beyond the Black was released & made big fans of the Tiny Epic family stand still.', '1634223572.jpg', 'US', 1, 10, 0, '2021-06-13 19:23:07', '2023-03-10 01:12:45'),
(20, 'Sản phẩm 2', 'R-1610', 1, 1, 0, 5.0, '18 x 18 x16', 18, 10, 5, 'In Raids, players sail from island to island to collect vikings and viking-related paraphernalia, using them fight one another for good spaces and fight monsters for points.', '1634385965.jpg', 'US', 1, 5, 0, '2021-06-13 19:23:07', '2023-03-10 01:12:56'),
(21, 'seven Wonder', 'SW', 1, 2, 0, 60.0, '18 x 20 x10', 250, 10, 28, 'You are the head of one of the seven empires of antiquity, represented by the 7 wonders of the world. Gather materials, build an economic system, and develop military power to survive. 7 Wonders is a simple 30 minute game. You will feel like you are building a whole culture to become the greatest empire. At the beginning of the game, you will be able to choose one of the 7 wonders of the ancient world such as: the Greek statue of Zeus, the hanging garden of Babylon or the lighthouse of Alexandria, etc....', '1637085111.jpg', 'US', 1, 60, 0, '2021-11-16 10:51:51', '2023-03-10 01:13:03'),
(22, 'Carcassonne', 'CRS', 1, 2, 0, 37.0, '27.5 x 19.5 x 7', 965, 10, 10, 'Carcassonne is a brick-laying game of the \"multi-style\" intellectual genre that won the prestigious Spiel de Jahres award in 2001. With many different paths and scoring methods, creating a variety of strategies, corresponding depth. The simple rules of the game make Carcassonne one of the most popular games of modern times.', '1637119058.jpg', 'US', 1, 37, 0, '2021-11-16 20:17:38', '2023-03-10 01:13:17'),
(23, 'Machi Koro', 'MK', 1, 4, 0, 37.0, '23.5 x 7.5 x 23.5', 500, 8, 30, 'Machi Koro is a city building game designed by Masao Suganuma, illustrated by Noboru Hotta, and released in 2012 by game company Grounding Inc.. Machi Koro has been released in eleven languages , with the US version published by IDW Games and Pandasaurus Games.', '1637119843.jpg', 'US', 1, 37, 0, '2021-11-16 20:30:43', '2023-03-10 01:13:11'),
(25, 'Conan and Shinichi Kudo', 'BB-204', 2, 2, 10, 15.0, '17', 23, 10, 5, 'Conan here!', '1678550900.jpg', '18', 1, 15, 0, '2023-03-11 09:08:20', '2023-03-11 09:59:14'),
(26, 'BB vantam', 'BB-01', 6, 108, 10, 12.0, '10', 20, 10, 1, 'bb van tam', '1678632528.jpg', '15', 1, 12, 0, '2023-03-12 07:48:48', '2023-03-12 11:19:36'),
(28, 'Displays', 'EX-001', 2, 108, 10, 14.0, '12', 13, 11, 4, 'hehe', '1678645264.jpg', '8', 1, 14, 0, '2023-03-12 11:21:04', '2023-03-15 02:22:06'),
(29, 'sasd', 'ma-002', 1, 1, 1, 4.0, '1', 2, 10, 103, 'aa', '1678647856.jpg', 'việt nam', 1, 4, 0, '2023-03-12 12:04:16', '2023-03-15 01:10:52'),
(30, 'KING BEE', 'BEE-999', 1, 107, 10, 20.0, '18', 1, 12, 99, 'Bee with baby', '1678870186.png', 'USA', 1, 20, 0, '2023-03-15 01:49:46', '2023-03-15 11:13:15'),
(31, 'vantamz', 'USER-01', 6, 108, 1, 10.0, NULL, NULL, 11, 999, 'no age', NULL, NULL, 1, 10, 0, '2023-03-15 11:54:23', '2023-03-15 11:54:58'),
(32, 'gagag', 'user-001', 2, 4, 1, 15.0, '11', 100, 11, 999, 'pro', '1678906597.jpg', 'uk', 1, 15, 0, '2023-03-15 11:56:37', '2023-03-15 12:00:11'),
(33, 'vantam', 'adsa-01', 1, 1, 1, 11.0, '12', 1999, 14, 121, 'no ways', '1678906911.jpg', 'vn', 1, 11, 0, '2023-03-15 12:01:51', '2023-03-15 12:14:19'),
(34, 'xffqfq', 'fsafsafa', 1, 1, 11, 212.0, '11', 12, 11, 11, '1211212', '1678907761.jpg', 'vn', 1, 212, 0, '2023-03-15 12:16:01', '2023-03-15 18:10:25'),
(35, 'vavv', 'ba-001', 1, 1, 1, 15.0, '12', 11, 11, 999, 'qfqfq', '1678925870.jpg', 'vn', 1, 15, 0, '2023-03-15 17:17:50', '2023-03-15 18:10:20');

-- --------------------------------------------------------

--
-- Cấu trúc bảng cho bảng `product_image`
--

DROP TABLE IF EXISTS `product_image`;
CREATE TABLE IF NOT EXISTS `product_image` (
  `id` int(11) NOT NULL AUTO_INCREMENT,
  `product_id` int(11) NOT NULL,
  `image` varchar(150) COLLATE utf32_unicode_ci NOT NULL,
  `status` int(11) DEFAULT '1',
  `created_at` timestamp NULL DEFAULT CURRENT_TIMESTAMP,
  `updated_at` timestamp NULL DEFAULT CURRENT_TIMESTAMP ON UPDATE CURRENT_TIMESTAMP,
  PRIMARY KEY (`id`)
) ENGINE=InnoDB AUTO_INCREMENT=111 DEFAULT CHARSET=utf32 COLLATE=utf32_unicode_ci;

--
-- Đang đổ dữ liệu cho bảng `product_image`
--

INSERT INTO `product_image` (`id`, `product_id`, `image`, `status`, `created_at`, `updated_at`) VALUES
(1, 1, '1623687786-conan-1.jpg', 1, '2021-06-14 02:23:06', '2021-06-14 02:23:06'),
(2, 1, '1623687787-conan-2.jpg', 1, '2021-06-14 02:23:07', '2021-06-14 02:23:07'),
(3, 1, '1623687787-conan-3.jpg', 1, '2021-06-14 02:23:07', '2021-06-14 02:23:07'),
(4, 1, '1623687787-conan-4.jpg', 1, '2021-06-14 02:23:07', '2021-06-14 02:23:07'),
(5, 1, '1623687787-conan-5.jpg', 1, '2021-06-14 02:23:07', '2021-06-14 02:23:07'),
(6, 1, '1623687787-conan-6.jpg', 1, '2021-06-14 02:23:07', '2021-06-14 02:23:07'),
(7, 2, '1623687832-bee-smart-1.jpg', 1, '2021-06-14 02:23:52', '2021-06-14 02:23:52'),
(8, 2, '1623687832-bee-smart-2.jpg', 1, '2021-06-14 02:23:52', '2021-06-14 02:23:52'),
(9, 2, '1623687832-bee-smart-3.jpg', 1, '2021-06-14 02:23:52', '2021-06-14 02:23:52'),
(10, 2, '1623687833-bee-smart-4.jpg', 1, '2021-06-14 02:23:53', '2021-06-14 02:23:53'),
(11, 2, '1623687833-bee-smart-5.jpg', 1, '2021-06-14 02:23:53', '2021-06-14 02:23:53'),
(12, 2, '1623687833-bee-smart-6.jpg', 1, '2021-06-14 02:23:53', '2021-06-14 02:23:53'),
(13, 3, '1623688750-brain-connect-2.jpg', 1, '2021-06-14 02:39:10', '2021-06-14 02:39:10'),
(14, 3, '1623688750-brain-connect-3.jpg', 1, '2021-06-14 02:39:10', '2021-06-14 02:39:10'),
(15, 3, '1623688750-brain-connect-4.jpg', 1, '2021-06-14 02:39:10', '2021-06-14 02:39:10'),
(16, 4, '1623689173-cosmic-encouter-1.jpg', 1, '2021-06-14 02:46:13', '2021-06-14 02:46:13'),
(17, 4, '1623689173-cosmic-encouter-2.jpg', 1, '2021-06-14 02:46:13', '2021-06-14 02:46:13'),
(18, 4, '1623689173-cosmic-encouter-3.jpg', 1, '2021-06-14 02:46:13', '2021-06-14 02:46:13'),
(19, 4, '1623689173-cosmic-encouter-4.jpg', 1, '2021-06-14 02:46:13', '2021-06-14 02:46:13'),
(20, 4, '1623689173-cosmic-encouter-5.jpg', 1, '2021-06-14 02:46:13', '2021-06-14 02:46:13'),
(21, 4, '1623689173-cosmic-encouter-6.jpg', 1, '2021-06-14 02:46:13', '2021-06-14 02:46:13'),
(22, 5, '1623689222-dif-1.jpg', 1, '2021-06-14 02:47:02', '2021-06-14 02:47:02'),
(23, 5, '1623689222-dif-2.jpg', 1, '2021-06-14 02:47:02', '2021-06-14 02:47:02'),
(24, 5, '1623689222-dif-3.jpg', 1, '2021-06-14 02:47:02', '2021-06-14 02:47:02'),
(25, 5, '1623689222-dif-4.jpg', 1, '2021-06-14 02:47:02', '2021-06-14 02:47:02'),
(26, 6, '1623690659-dragomino-1.jpg', 1, '2021-06-14 03:10:59', '2021-06-14 03:10:59'),
(27, 6, '1623690659-dragomino-2.jpg', 1, '2021-06-14 03:10:59', '2021-06-14 03:10:59'),
(28, 6, '1623690659-dragomino-3.jpg', 1, '2021-06-14 03:10:59', '2021-06-14 03:10:59'),
(29, 7, '1623690693-pizza-1.jpg', 1, '2021-06-14 03:11:33', '2021-06-14 03:11:33'),
(30, 7, '1623690693-pizza-2.jpg', 1, '2021-06-14 03:11:33', '2021-06-14 03:11:33'),
(31, 7, '1623690693-pizza-3.jpg', 1, '2021-06-14 03:11:33', '2021-06-14 03:11:33'),
(32, 7, '1623690693-pizza-4.jpg', 1, '2021-06-14 03:11:33', '2021-06-14 03:11:33'),
(33, 8, '1623690728-Splendor -1.jpg', 1, '2021-06-14 03:12:08', '2021-06-14 03:12:08'),
(34, 8, '1623690728-Splendor -2.jpg', 1, '2021-06-14 03:12:08', '2021-06-14 03:12:08'),
(35, 8, '1623690728-Splendor -3.jpg', 1, '2021-06-14 03:12:08', '2021-06-14 03:12:08'),
(36, 8, '1623690728-Splendor -4.jpg', 1, '2021-06-14 03:12:08', '2021-06-14 03:12:08'),
(37, 8, '1623690728-Splendor -5.jpg', 1, '2021-06-14 03:12:08', '2021-06-14 03:12:08'),
(38, 8, '1623690770-Splendor -1.jpg', 1, '2021-06-14 03:12:50', '2021-06-14 03:12:50'),
(39, 8, '1623690770-Splendor -2.jpg', 1, '2021-06-14 03:12:50', '2021-06-14 03:12:50'),
(40, 8, '1623690770-Splendor -3.jpg', 1, '2021-06-14 03:12:50', '2021-06-14 03:12:50'),
(41, 8, '1623690770-Splendor -4.jpg', 1, '2021-06-14 03:12:50', '2021-06-14 03:12:50'),
(42, 8, '1623690770-Splendor -5.jpg', 1, '2021-06-14 03:12:50', '2021-06-14 03:12:50'),
(43, 9, '1633072938-77573454_p0_master1200.jpg', 0, '2021-10-01 00:22:18', '2021-10-28 07:00:53'),
(44, 9, '1634385255.jpg', 0, '2021-10-13 07:01:15', '2021-10-28 07:00:53'),
(45, 9, '1634133675-recruite.jpg', 0, '2021-10-13 07:01:15', '2021-10-28 07:00:53'),
(47, 10, '1634133801-OT-Leave.png', 1, '2021-10-13 07:03:21', '2021-10-13 07:03:21'),
(48, 10, '1634133801-recruite.jpg', 1, '2021-10-13 07:03:21', '2021-10-13 07:03:21'),
(49, 10, '1634133801-Section.png', 1, '2021-10-13 07:03:21', '2021-10-13 07:03:21'),
(50, 11, '1634134326-recruite.jpg', 1, '2021-10-13 07:12:06', '2021-10-13 07:12:06'),
(51, 11, '1634134326-Section.png', 1, '2021-10-13 07:12:06', '2021-10-13 07:12:06'),
(53, 12, '1634134378-Section.png', 0, '2021-10-13 07:12:58', '2021-10-14 08:52:09'),
(54, 13, '1634134407-recruite.jpg', 1, '2021-10-13 07:13:27', '2021-10-13 07:13:27'),
(55, 13, '1634134407-Section.png', 1, '2021-10-13 07:13:27', '2021-10-13 07:13:27'),
(57, 14, '1634134422-Section.png', 1, '2021-10-13 07:13:42', '2021-10-13 07:13:42'),
(58, 15, '1634134576-OT-Leave.png', 1, '2021-10-13 07:16:16', '2021-10-13 07:16:16'),
(59, 15, '1634134576-recruite.jpg', 1, '2021-10-13 07:16:16', '2021-10-13 07:16:16'),
(60, 15, '1634134576-Section.png', 1, '2021-10-13 07:16:16', '2021-10-13 07:16:16'),
(61, 19, '1634223572-tinyEpic5.jpg', 0, '2021-10-14 07:59:32', '2023-03-10 01:12:45'),
(62, 19, '1634223572-tinyEpic4.jpg', 0, '2021-10-14 07:59:32', '2023-03-10 01:12:45'),
(63, 19, '1634223572-tinyEpic3.jpg', 0, '2021-10-14 07:59:32', '2023-03-10 01:12:45'),
(64, 19, '1634223572-tinyEpic2.jpg', 0, '2021-10-14 07:59:32', '2023-03-10 01:12:45'),
(65, 20, '1634385965-raid-2.jpg', 0, '2021-10-16 05:06:05', '2023-03-10 01:12:56'),
(66, 20, '1634385965-raid-3.jpg', 0, '2021-10-16 05:06:05', '2023-03-10 01:12:56'),
(67, 20, '1634385965-raid-4.jpg', 0, '2021-10-16 05:06:05', '2023-03-10 01:12:56'),
(68, 3, '1623688750-brain-connect-4.jpg', 1, '2021-10-28 15:23:35', '2021-10-28 15:23:35'),
(69, 6, '1623691645.jpg', 1, '2021-10-28 15:26:34', '2021-10-28 15:26:34'),
(70, 20, '1634385965.jpg', 0, '2021-10-28 15:27:45', '2023-03-10 01:12:56'),
(71, 21, '1637085111-seventWonder2.jpg', 0, '2021-11-16 10:51:51', '2023-03-10 01:13:03'),
(72, 21, '1637085111-seventWonder3.jpg', 0, '2021-11-16 10:51:51', '2023-03-10 01:13:03'),
(73, 21, '1637085111-seventWonder4.jpg', 0, '2021-11-16 10:51:53', '2023-03-10 01:13:03'),
(74, 21, '1637085113-seventWonder5.jpg', 0, '2021-11-16 10:51:53', '2023-03-10 01:13:03'),
(75, 21, '1637085113-seventWonder6.jpg', 0, '2021-11-16 10:51:53', '2023-03-10 01:13:03'),
(76, 22, '1637119058-Sx6TaTL.jpeg', 0, '2021-11-16 20:17:38', '2023-03-10 01:13:17'),
(77, 22, '1637119058-carrasonne.jpg', 0, '2021-11-16 20:17:38', '2023-03-10 01:13:17'),
(78, 22, '1637119058-carrasome-1.jpg', 0, '2021-11-16 20:17:38', '2023-03-10 01:13:17'),
(87, 25, '1678550900-1623687787-conan-2.jpg', 0, '2023-03-11 09:08:20', '2023-03-11 09:59:14'),
(88, 25, '1678550900-1623687787-conan-3.jpg', 0, '2023-03-11 09:08:20', '2023-03-11 09:59:14'),
(89, 25, '1678550900-1623687787-conan-4.jpg', 0, '2023-03-11 09:08:20', '2023-03-11 09:59:14'),
(90, 25, '1678550900-1623687787-conan-5.jpg', 0, '2023-03-11 09:08:20', '2023-03-11 09:59:14'),
(91, 25, '1678550900-1623687787-conan-6.jpg', 0, '2023-03-11 09:08:20', '2023-03-11 09:59:14'),
(92, 26, '1678632528-matruoc.jpg', 0, '2023-03-12 07:48:48', '2023-03-12 11:19:36'),
(93, 26, '1678632528-matsau.jpg', 0, '2023-03-12 07:48:48', '2023-03-12 11:19:36'),
(94, 27, '1678645491.jpg', 0, '2023-03-12 08:09:39', '2023-03-12 11:24:51'),
(95, 27, '1678645129.png', 0, '2023-03-12 08:09:39', '2023-03-12 11:19:43'),
(97, 29, '1678647856-cammic.jpg', 0, '2023-03-12 12:04:16', '2023-03-15 01:10:52'),
(98, 29, '1678647856-camtrai.jpg', 0, '2023-03-12 12:04:16', '2023-03-15 01:10:52'),
(99, 29, '1678647856-caphekem.png', 0, '2023-03-12 12:04:16', '2023-03-15 01:10:52'),
(100, 29, '1678647856-Capture.PNG', 0, '2023-03-12 12:04:16', '2023-03-15 01:10:52'),
(101, 30, '1678873557.jpg', 0, '2023-03-15 01:49:46', '2023-03-15 11:13:15'),
(102, 32, '1678906597-br1.jpg', 0, '2023-03-15 11:56:37', '2023-03-15 12:00:11'),
(103, 33, '1678906911-dadathang.PNG', 0, '2023-03-15 12:01:51', '2023-03-15 12:14:19'),
(104, 34, '1678907761-1623689173-cosmic-encouter-2.jpg', 0, '2023-03-15 12:16:01', '2023-03-15 18:10:25'),
(105, 34, '1678907761-1623689173-cosmic-encouter-3.jpg', 0, '2023-03-15 12:16:01', '2023-03-15 18:10:25'),
(106, 34, '1678909709.jpg', 0, '2023-03-15 12:16:01', '2023-03-15 18:10:25'),
(107, 34, '1678909677.jpg', 0, '2023-03-15 12:16:01', '2023-03-15 18:10:25'),
(108, 34, '1678907761-1623689173-cosmic-encouter-6.jpg', 0, '2023-03-15 12:16:01', '2023-03-15 18:10:25'),
(109, 35, '1678925870-1623690659-dragomino-2.jpg', 0, '2023-03-15 17:17:50', '2023-03-15 18:10:20'),
(110, 35, '1678925870-1623690659-dragomino-3.jpg', 0, '2023-03-15 17:17:50', '2023-03-15 18:10:20');

-- --------------------------------------------------------

--
-- Cấu trúc bảng cho bảng `product_type`
--

DROP TABLE IF EXISTS `product_type`;
CREATE TABLE IF NOT EXISTS `product_type` (
  `id` int(11) NOT NULL AUTO_INCREMENT,
  `product_type_name` varchar(100) COLLATE utf32_unicode_ci NOT NULL,
  `status` int(11) NOT NULL DEFAULT '1',
  `created_at` timestamp NULL DEFAULT CURRENT_TIMESTAMP,
  `updated_at` timestamp NULL DEFAULT CURRENT_TIMESTAMP ON UPDATE CURRENT_TIMESTAMP,
  PRIMARY KEY (`id`)
) ENGINE=InnoDB AUTO_INCREMENT=7 DEFAULT CHARSET=utf32 COLLATE=utf32_unicode_ci;

--
-- Đang đổ dữ liệu cho bảng `product_type`
--

INSERT INTO `product_type` (`id`, `product_type_name`, `status`, `created_at`, `updated_at`) VALUES
(1, 'Family', 1, '2021-06-03 23:15:12', '2021-10-02 00:34:59'),
(2, 'Action', 1, '2021-06-03 23:20:26', '2021-06-03 23:20:26'),
(3, 'Family 2', 0, '2021-06-03 23:33:58', '2023-03-11 09:02:04'),
(4, 'Teen', 0, '2021-10-14 08:14:56', '2023-03-11 09:02:45'),
(5, 'Robot', 0, '2021-10-16 01:40:24', '2023-03-11 09:03:01'),
(6, 'Baby', 1, '2023-03-10 08:53:12', '2023-03-10 08:53:12');

-- --------------------------------------------------------

--
-- Cấu trúc bảng cho bảng `promotion`
--

DROP TABLE IF EXISTS `promotion`;
CREATE TABLE IF NOT EXISTS `promotion` (
  `id` int(11) NOT NULL AUTO_INCREMENT,
  `name` varchar(100) COLLATE utf32_unicode_ci NOT NULL,
  `rate` double DEFAULT NULL,
  `product_id` int(11) DEFAULT NULL,
  `start_date` date DEFAULT NULL,
  `end_date` date DEFAULT NULL,
  `status` int(11) NOT NULL DEFAULT '1',
  `created_at` timestamp NULL DEFAULT CURRENT_TIMESTAMP,
  `updated_at` timestamp NULL DEFAULT CURRENT_TIMESTAMP ON UPDATE CURRENT_TIMESTAMP,
  PRIMARY KEY (`id`)
) ENGINE=MyISAM AUTO_INCREMENT=13 DEFAULT CHARSET=utf32 COLLATE=utf32_unicode_ci;

--
-- Đang đổ dữ liệu cho bảng `promotion`
--

INSERT INTO `promotion` (`id`, `name`, `rate`, `product_id`, `start_date`, `end_date`, `status`, `created_at`, `updated_at`) VALUES
(1, 'No Discount', 0, NULL, '2021-11-13', '2021-11-17', 1, '2021-07-02 19:01:01', '2021-11-13 07:27:45'),
(2, '30% Discount', 30, NULL, '2021-11-13', '2021-11-18', 1, '2021-07-02 19:16:32', '2021-11-13 07:27:53'),
(3, '40% Discount', 40, NULL, '2021-11-13', '2021-11-29', 1, '2021-07-02 19:16:59', '2021-11-13 07:28:00'),
(4, 'new product', 50, NULL, '2021-11-13', '2021-11-17', 1, '2021-11-13 07:27:20', '2021-11-13 07:27:20'),
(5, 'New', 40, 2, '2021-11-13', '2021-11-12', 0, '2021-11-13 08:03:54', '2021-11-13 09:13:01'),
(11, 'Sale 11-11', 40, 1, '2021-11-11', '2021-11-13', 0, '2021-11-13 08:13:18', '2021-11-14 04:32:23'),
(10, 'Sale 11-11', 10, 5, '2021-11-11', '2021-11-12', 0, '2021-11-13 08:12:20', '2021-11-13 09:13:01'),
(12, 'Sale 13-11', 70, 19, '2021-11-13', '2021-11-09', 0, '2021-11-13 09:12:57', '2021-11-13 09:13:34');

-- --------------------------------------------------------

--
-- Cấu trúc bảng cho bảng `rating`
--

DROP TABLE IF EXISTS `rating`;
CREATE TABLE IF NOT EXISTS `rating` (
  `id` int(11) NOT NULL AUTO_INCREMENT,
  `product_id` int(11) DEFAULT NULL,
  `id_user` int(11) DEFAULT NULL,
  `id_comment` int(11) DEFAULT NULL,
  `rate` double(10,2) DEFAULT NULL,
  `created_at` timestamp NULL DEFAULT CURRENT_TIMESTAMP,
  `updated_at` timestamp NULL DEFAULT CURRENT_TIMESTAMP ON UPDATE CURRENT_TIMESTAMP,
  PRIMARY KEY (`id`)
) ENGINE=InnoDB AUTO_INCREMENT=5 DEFAULT CHARSET=utf8mb4 COLLATE=utf8mb4_unicode_ci;

--
-- Đang đổ dữ liệu cho bảng `rating`
--

INSERT INTO `rating` (`id`, `product_id`, `id_user`, `id_comment`, `rate`, `created_at`, `updated_at`) VALUES
(1, 1, 54, 1, 2.90, '2021-09-30 22:13:35', '2021-09-30 22:13:35'),
(2, 1, 76, 2, 3.00, '2021-11-07 21:57:42', '2021-11-07 21:57:42'),
(3, 4, 81, 3, 5.00, '2023-03-13 10:38:32', '2023-03-13 10:38:32'),
(4, 4, 81, 4, 5.00, '2023-03-13 10:38:35', '2023-03-13 10:38:35');

-- --------------------------------------------------------

--
-- Cấu trúc bảng cho bảng `roles`
--

DROP TABLE IF EXISTS `roles`;
CREATE TABLE IF NOT EXISTS `roles` (
  `id` bigint(20) UNSIGNED NOT NULL AUTO_INCREMENT,
  `name` varchar(125) COLLATE utf8mb4_unicode_ci NOT NULL,
  `guard_name` varchar(125) COLLATE utf8mb4_unicode_ci NOT NULL,
  `created_at` timestamp NULL DEFAULT CURRENT_TIMESTAMP,
  `updated_at` timestamp NULL DEFAULT CURRENT_TIMESTAMP ON UPDATE CURRENT_TIMESTAMP,
  PRIMARY KEY (`id`),
  UNIQUE KEY `roles_name_guard_name_unique` (`name`,`guard_name`)
) ENGINE=MyISAM AUTO_INCREMENT=6 DEFAULT CHARSET=utf8mb4 COLLATE=utf8mb4_unicode_ci;

--
-- Đang đổ dữ liệu cho bảng `roles`
--

INSERT INTO `roles` (`id`, `name`, `guard_name`, `created_at`, `updated_at`) VALUES
(1, 'admin', 'web', '2021-05-29 03:20:24', '2021-06-02 02:55:51'),
(2, 'staff', 'web', '2021-05-29 03:21:02', '2021-05-29 03:21:02'),
(3, 'customer', 'web', '2021-05-29 04:20:52', '2021-05-29 04:20:52'),
(4, 'tester', 'web', '2021-06-19 03:45:48', '2021-06-19 03:45:48'),
(5, 'test', 'web', '2021-09-30 23:44:04', '2021-09-30 23:44:04');

-- --------------------------------------------------------

--
-- Cấu trúc bảng cho bảng `role_has_permissions`
--

DROP TABLE IF EXISTS `role_has_permissions`;
CREATE TABLE IF NOT EXISTS `role_has_permissions` (
  `permission_id` bigint(20) UNSIGNED NOT NULL,
  `role_id` bigint(20) UNSIGNED NOT NULL,
  PRIMARY KEY (`permission_id`,`role_id`),
  KEY `role_has_permissions_role_id_foreign` (`role_id`)
) ENGINE=MyISAM DEFAULT CHARSET=utf8mb4 COLLATE=utf8mb4_unicode_ci;

--
-- Đang đổ dữ liệu cho bảng `role_has_permissions`
--

INSERT INTO `role_has_permissions` (`permission_id`, `role_id`) VALUES
(1, 1),
(2, 1),
(3, 1),
(3, 2);

-- --------------------------------------------------------

--
-- Cấu trúc bảng cho bảng `supplier`
--

DROP TABLE IF EXISTS `supplier`;
CREATE TABLE IF NOT EXISTS `supplier` (
  `id` int(11) NOT NULL AUTO_INCREMENT,
  `name` varchar(100) COLLATE utf32_unicode_ci NOT NULL,
  `address` varchar(150) COLLATE utf32_unicode_ci NOT NULL,
  `phone` varchar(11) COLLATE utf32_unicode_ci NOT NULL,
  `email` varchar(50) COLLATE utf32_unicode_ci NOT NULL,
  `image` varchar(100) COLLATE utf32_unicode_ci DEFAULT NULL,
  `status` int(11) NOT NULL DEFAULT '1',
  `updated_at` timestamp NULL DEFAULT CURRENT_TIMESTAMP,
  `created_at` timestamp NULL DEFAULT CURRENT_TIMESTAMP ON UPDATE CURRENT_TIMESTAMP,
  PRIMARY KEY (`id`)
) ENGINE=InnoDB AUTO_INCREMENT=109 DEFAULT CHARSET=utf32 COLLATE=utf32_unicode_ci;

--
-- Đang đổ dữ liệu cho bảng `supplier`
--

INSERT INTO `supplier` (`id`, `name`, `address`, `phone`, `email`, `image`, `status`, `updated_at`, `created_at`) VALUES
(1, 'Good Smile Company', '658/9 lê Thánh Tông', '0123456789', 'gsc@gmail.com', 'supplier.png', 1, '2021-10-11 19:35:09', '2021-10-19 08:16:06'),
(2, 'Max Factory', '36/1 Lê Duẩn', '2323568742', 'mf@gmail.com', 'supplier.png', 1, '2021-10-16 07:36:00', '2021-10-19 10:37:47'),
(3, 'Xinhao', '135/9 lê Thị Nhạn', '0', 'Xh@gmail.com', 'supplier.png', 1, '2021-05-26 01:20:01', '2021-10-26 08:26:21'),
(4, 'Tentao', '135/9 lê Thị Nhạn', '0', 'tt@gmail.com', 'supplier.png', 1, '2021-05-26 01:22:21', '2021-10-19 10:37:47'),
(107, 'Good Smile Company', '318 Great North Road, Abbotsford NSW 2046, Sydney-Australia', '297121418', 'bransen@anime-oz.com', 'supplier.png', 1, '2021-05-26 02:35:32', '2021-10-19 10:37:47'),
(108, 'Max Factory', '158/9 lê Thánh Tông', '51212', 'mf@gmail.com', 'supplier.png', 1, '2021-05-29 00:36:10', '2021-10-19 10:37:47');

-- --------------------------------------------------------

--
-- Cấu trúc bảng cho bảng `todolist`
--

DROP TABLE IF EXISTS `todolist`;
CREATE TABLE IF NOT EXISTS `todolist` (
  `id` int(11) NOT NULL AUTO_INCREMENT,
  `date` varchar(30) COLLATE utf32_unicode_ci NOT NULL,
  `content` varchar(100) COLLATE utf32_unicode_ci NOT NULL,
  `created_at` timestamp NOT NULL DEFAULT CURRENT_TIMESTAMP,
  `updated_at` timestamp NOT NULL DEFAULT CURRENT_TIMESTAMP ON UPDATE CURRENT_TIMESTAMP,
  PRIMARY KEY (`id`)
) ENGINE=MyISAM DEFAULT CHARSET=utf32 COLLATE=utf32_unicode_ci;

-- --------------------------------------------------------

--
-- Cấu trúc bảng cho bảng `todouser`
--

DROP TABLE IF EXISTS `todouser`;
CREATE TABLE IF NOT EXISTS `todouser` (
  `id` int(11) NOT NULL AUTO_INCREMENT,
  `user_id` int(11) NOT NULL,
  `is_done` tinyint(4) NOT NULL DEFAULT '0',
  `todo_id` int(11) NOT NULL,
  `created_at` timestamp NULL DEFAULT CURRENT_TIMESTAMP,
  `updated_at` timestamp NULL DEFAULT CURRENT_TIMESTAMP ON UPDATE CURRENT_TIMESTAMP,
  PRIMARY KEY (`id`)
) ENGINE=MyISAM DEFAULT CHARSET=utf32 COLLATE=utf32_unicode_ci;

-- --------------------------------------------------------

--
-- Cấu trúc bảng cho bảng `turtorial`
--

DROP TABLE IF EXISTS `turtorial`;
CREATE TABLE IF NOT EXISTS `turtorial` (
  `id` int(11) NOT NULL AUTO_INCREMENT,
  `product_id` int(11) DEFAULT '0',
  `title` varchar(200) COLLATE utf8mb4_unicode_ci DEFAULT NULL,
  `content` varchar(7500) COLLATE utf8mb4_unicode_ci DEFAULT '',
  `status` int(11) DEFAULT '1',
  `created_at` timestamp NULL DEFAULT CURRENT_TIMESTAMP,
  `updated_at` timestamp NULL DEFAULT CURRENT_TIMESTAMP ON UPDATE CURRENT_TIMESTAMP,
  PRIMARY KEY (`id`)
) ENGINE=InnoDB AUTO_INCREMENT=33 DEFAULT CHARSET=utf8mb4 COLLATE=utf8mb4_unicode_ci;

--
-- Đang đổ dữ liệu cho bảng `turtorial`
--

INSERT INTO `turtorial` (`id`, `product_id`, `title`, `content`, `status`, `created_at`, `updated_at`) VALUES
(1, 1, 'Conana tủtorial', '<p>&nbsp;</p>\r\n\r\n<p><img alt=\"\" src=\"https://salt.tikicdn.com/ts/tmp/8c/62/1d/175a40345e370bef182b4da130512b4f.jpg\" /></p>\r\n\r\n<p>&nbsp;</p>\r\n\r\n<p><strong>Test your detective skills and uncover the secret:</strong></p>\r\n\r\n<p>This is a war of detectives and dangerous criminals so there is no room for baseless arguments. Remember that no matter which side you are on, only inference will bring the truth and solve the secrets.</p>\r\n\r\n<p>&nbsp;</p>\r\n\r\n<p><img alt=\"\" src=\"https://salt.tikicdn.com/ts/tmp/0a/c1/c1/07e87ed75cc370515cee5274597d0244.jpg\" /></p>\r\n\r\n<p>&nbsp;</p>\r\n\r\n<p><strong>Especially referring to Conan, it is impossible not to mention Doctor Agasha and his wonderful inventions.</strong></p>\r\n\r\n<p>Those wonderful inventions have turned into valuable treasures to help our Little Detective&#39;s faction to investigate and expose the Black Organization. Feel it for yourself and see how Conan&#39;s familiar discoveries will help you investigate</p>\r\n\r\n<p>&nbsp;</p>\r\n\r\n<p><img alt=\"\" src=\"https://salt.tikicdn.com/ts/tmp/89/0a/aa/173b160f2dcd211fa5630af4d96c1e86.jpg\" /></p>\r\n\r\n<p>&nbsp;</p>\r\n\r\n<p><strong>Exclusive gift for fans: The famous Detective Conan character profile is very beautiful:</strong></p>\r\n\r\n<p>For the first time, the characters of the comic series &quot;Famous Detective Conan&quot; appear together in a set of &quot;very Conan&quot; character profiles with impeccable quality: glossy colored paper, character information The standard does not need to be adjusted and especially the sayings that make up the name of the character in the game.</p>\r\n\r\n<p><img alt=\"\" src=\"https://salt.tikicdn.com/ts/tmp/aa/db/f9/0baa28ae065ff0967f3761ffac287dbc.jpg\" /></p>\r\n\r\n<p><strong>You are ready to enter the world of &quot;Famous Detective Conan: The End&quot; and create your own &quot;end&quot;.</strong></p>\r\n\r\n<p>Product prices on Tiki include tax according to applicable law. However, depending on the type of product or the method and delivery address, there may be additional costs such as shipping fees, surcharges for bulky goods, ...</p>', 1, '2021-07-10 09:14:22', '2021-10-27 08:09:00'),
(2, 2, 'Bee Smart	', '<p><span style=\"font-size:16px\"><strong>The composition of each game set includes:</strong></span></p>\r\n\r\n<p>&nbsp;62 playing cards, each card has 6 pictures corresponding to 6 words.<br />\r\n&nbsp;1 sheet of name reading corresponds to 62 words, in both English and Vietnamese.<br />\r\n&nbsp;1 instruction sheet, with 3 basic gameplay can be applied immediately.<br />\r\nThere are many ways to play from these cards, all based on rules:</p>\r\n\r\n<p>Between any 2 cards, there is always 1 and only 1 common image.<br />\r\nThe winner is the one who finds the pattern the fastest and reads it out loud.<br />\r\nThe game is available in both English and Vietnamese, but it is recommended to use English when playing.</p>\r\n\r\n<p>The game will be more attractive when played in large numbers and there are rewards for the winners. However, for preschool children, parents can play with their children to encourage them to play and use English.</p>', 1, '2021-07-10 23:57:30', '2021-10-28 07:56:22'),
(3, 5, 'Difference', '<p>To start, each player looks at the top card of her stack, then tries to spot the two differences between her card in hand and the reference card on the table. Whoever spots her particular differences first stops play, demonstrates them to everyone, places her card on top of the reference card (creating a new challenge for everyone), then draws the next card from her deck. Whoever gets rid of all of her cards first wins!</p>\r\n\r\n<p><img alt=\"inside the box\" src=\"https://cf.geekdo-images.com/Puz8xkKfHNl1mx73hih6PA__imagepage/img/rYqZY1GRMExuTly-_Sf9Kr4_1pI=/fit-in/900x600/filters:no_upscale():strip_icc()/pic829048.jpg\" /></p>\r\n\r\n<p><img alt=\"game in process\" src=\"https://cf.geekdo-images.com/woWVXeYE1dPgkQACJqKOSg__imagepage/img/_uE4UFLfmXHhw99itA5ixfNpmy0=/fit-in/900x600/filters:no_upscale():strip_icc()/pic829049.jpg\" /></p>', 1, '2021-07-11 00:08:25', '2021-10-28 08:14:41'),
(4, 6, 'dragomino-1	', '<p>Dragomino is Kingdomino&#39;s version of dragon seeker<br />\r\nYou will play as a dragon trainer who sets out to find a rare baby dragon, but hurry up because you are not the only trainer.<br />\r\n&nbsp;<br />\r\nYou will have to compete with other trainers too</p>\r\n\r\n<p><img alt=\"#Boardgameshot\" src=\"https://cf.geekdo-images.com/CznKfvsPrSs5NTdEB63ZrA__imagepage/img/dNgJwgJ_9gViKAWZzuZcDBG44wA=/fit-in/900x600/filters:no_upscale():strip_icc()/pic6107328.jpg\" /></p>\r\n\r\n<p><img alt=\"#Boardgameshot\" src=\"https://cf.geekdo-images.com/gdjnAwIEKx55hYUiHlz2HA__imagepage/img/73776B5ETcUx2VHr6On7mDJHeIY=/fit-in/900x600/filters:no_upscale():strip_icc()/pic6107327.jpg\" /></p>\r\n\r\n<p><img alt=\"#Boardgameshot\" src=\"https://cf.geekdo-images.com/31cVJJUxIga7Cwy88YjA7A__imagepage/img/oOHLm1COi_-2IJOuWsioem9Jy7Q=/fit-in/900x600/filters:no_upscale():strip_icc()/pic6107326.jpg\" /></p>\r\n\r\n<p><img alt=\"#Boardgameshot\" src=\"https://cf.geekdo-images.com/KwF7S3nWeffGIDhadJn16A__imagepage/img/HsipxdCdMQGkIcaehKMYN7twwn0=/fit-in/900x600/filters:no_upscale():strip_icc()/pic6107323.jpg\" /></p>', 1, '2021-07-11 07:03:59', '2021-10-28 08:18:34'),
(7, 7, 'New York Slice	', '<p>In&nbsp;<em><strong>New York Slice</strong></em>, each player slices pizzas into portions, giving their opponents first choice, while they take the leftovers. There are a dozen kinds of pizza to work with, from veggie to hawaiian to meat lover&#39;s, and each player decides if they want to eat or keep some of the slices, building the best collection of pizzas possible!</p>\r\n\r\n<p>Each time a player slices a pizza, there&#39;s a different special to go along with it, whether it&#39;s allocated to one of the portions or placed on its own. Specials provide the player with special powers or points, such as calling dibs on a slice before the pizza is divided, getting one of the normally-out-of-the-game &quot;mystery slices&#39;, having an opportunity to &quot;sneak a slice&quot; by moving it from one portion to another when they choose, and many more&mdash;there are 14 different &quot;Today&#39;s Specials&quot; in the game.</p>\r\n\r\n<p>Some slices have anchovies on them (yuck!), which are worth negative points to anyone who collects them &mdash; but anchovies might show up on different pizza types you&#39;re collecting, so in order to have the majority of a type, you just might have to collect one with anchovies on it!</p>\r\n\r\n<p>If you tie another player for the most slices of a type, neither of you gets any points &mdash; but a bunch of slices have two types of pizza on them, with each combo slice being worth half a slice of each type, which is great for breaking ties.</p>\r\n\r\n<p>Most slices have pepperoni on them, which you can eat for points (instead of collecting to go for the majority of each slice type).</p>', 1, '2021-07-11 08:43:15', '2021-10-28 08:05:33'),
(8, 8, 'Splendor', '<p><img alt=\"Splendor boardgame\" src=\"https://cdn-www.bluestacks.com/bs-images/banner5_013.jpg\" /></p>\r\n\r\n<p>On your turn, you may (1) collect chips (gems), or (2) buy and build a card, or (3) reserve one card. If you collect chips, you take either three different kinds of chips or two chips of the same kind. If you buy a card, you pay its price in chips and add it to your playing area. To reserve a card&mdash;in order to make sure you get it, or, why not, your opponents don&#39;t get it&mdash;you place it in front of you face down for later building; this costs you a round, but you also get gold in the form of a joker chip, which you can use as any gem.</p>\r\n\r\n<p>All of the cards you buy increase your wealth as they give you a permanent gem bonus for later buys; some of the cards also give you prestige points. In order to win the game, you must reach 15 prestige points before your opponents do.</p>\r\n\r\n<p>AWARDS &amp; HONORS</p>\r\n\r\n<ul>\r\n	<li><a href=\"https://boardgamegeek.com/boardgamehonor/64201/2016-mind-spielepreis-short-game-winner\">2016 MinD-Spielepreis Short Game Winner</a></li>\r\n	<li><a href=\"https://boardgamegeek.com/boardgamehonor/64174/2016-mind-spielepreis-short-game-nominee\">2016 MinD-Spielepreis Short Game Nominee</a></li>\r\n	<li><a href=\"https://boardgamegeek.com/boardgamehonor/27208/2015-origins-awards-best-card-game-nominee\">2015 Origins Awards Best Card Game Nominee</a></li>\r\n	<li><a href=\"https://boardgamegeek.com/boardgamehonor/27638/2015-nederlandse-spellenprijs-best-family-game-win\">2015 Nederlandse Spellenprijs Best Family Game Winner</a></li>\r\n	<li><a href=\"https://boardgamegeek.com/boardgamehonor/27637/2015-nederlandse-spellenprijs-best-family-game-nom\">2015 Nederlandse Spellenprijs Best Family Game Nominee</a></li>\r\n	<li><a href=\"https://boardgamegeek.com/boardgamehonor/28968/2015-hungarian-board-game-award-nominee\">2015 Hungarian Board Game Award Nominee</a></li>\r\n	<li><a href=\"https://boardgamegeek.com/boardgamehonor/64113/2015-hra-roku-winner\">2015 Hra roku Winner</a></li>\r\n	<li><a href=\"https://boardgamegeek.com/boardgamehonor/64316/2015-guldbrikken-best-family-game-winner\">2015 Guldbrikken Best Family Game Winner</a></li>\r\n	<li><a href=\"https://boardgamegeek.com/boardgamehonor/64312/2015-guldbrikken-best-family-game-nominee\">2015 Guldbrikken Best Family Game Nominee</a></li>\r\n	<li><a href=\"https://boardgamegeek.com/boardgamehonor/64044/2015-gra-roku-game-year-winner\">2015 Gra Roku Game of the Year Winner</a></li>\r\n	<li><a href=\"https://boardgamegeek.com/boardgamehonor/64046/2015-gra-roku-game-year-nominee\">2015 Gra Roku Game of the Year Nominee</a></li>\r\n	<li><a href=\"https://boardgamegeek.com/boardgamehonor/48615/2015-gioco-dellanno-nominee\">2015 Gioco dell&rsquo;Anno Nominee</a></li>\r\n	<li><a href=\"https://boardgamegeek.com/boardgamehonor/35438/2015-dor-jeu-de-lannee-nominee\">2015 As d&#39;Or - Jeu de l&#39;Ann&eacute;e Nominee</a></li>\r\n	<li><a href=\"https://boardgamegeek.com/boardgamehonor/64014/2015-arets-spill-best-family-game-winner\">2015 &Aring;rets Spill Best Family Game Winner</a></li>\r\n	<li><a href=\"https://boardgamegeek.com/boardgamehonor/63994/2015-arets-spill-best-family-game-nominee\">2015 &Aring;rets Spill Best Family Game Nominee</a></li>\r\n	<li><a href=\"https://boardgamegeek.com/boardgamehonor/55664/2014-vuoden-peli-adult-game-year-nominee\">2014 Vuoden Peli Adult Game of the Year Nominee</a></li>\r\n	<li><a href=\"https://boardgamegeek.com/boardgamehonor/38349/2014-vuoden-peli-adult-game-year\">2014 Vuoden Peli Adult Game of the Year</a></li>\r\n	<li><a href=\"https://boardgamegeek.com/boardgamehonor/41166/2014-uk-games-expo-best-new-boardgame-winner\">2014 UK Games Expo Best New Boardgame Winner</a></li>\r\n	<li><a href=\"https://boardgamegeek.com/boardgamehonor/26896/2014-tric-trac-nominee\">2014 Tric Trac Nominee</a></li>\r\n	<li><a href=\"https://boardgamegeek.com/boardgamehonor/26899/2014-tric-trac-de-bronze\">2014 Tric Trac de Bronze</a></li>\r\n	<li><a href=\"https://boardgamegeek.com/boardgamehonor/25142/2014-spiel-des-jahres-nominee\">2014 Spiel des Jahres Nominee</a></li>\r\n	<li><a href=\"https://boardgamegeek.com/boardgamehonor/27656/2014-meeples-choice-winner\">2014 Meeples&#39; Choice Winner</a></li>\r\n	<li><a href=\"https://boardgamegeek.com/boardgamehonor/27655/2014-meeples-choice-nominee\">2014 Meeples&#39; Choice Nominee</a></li>\r\n	<li><a href=\"https://boardgamegeek.com/boardgamehonor/35454/2014-lys-grand-public-finalist\">2014 Lys Grand Public Finalist</a></li>\r\n	<li><a href=\"https://boardgamegeek.com/boardgamehonor/65382/2014-juego-del-ano-recommended\">2014 Juego del A&ntilde;o Recommended</a></li>\r\n	<li><a href=\"https://boardgamegeek.com/boardgamehonor/65440/2014-jocul-anului-romania-beginners-finalist\">2014 Jocul Anului &icirc;n Rom&acirc;nia Beginners Finalist</a></li>\r\n	<li><a href=\"https://boardgamegeek.com/boardgamehonor/64772/2014-japan-boardgame-prize-voters-selection-winner\">2014 Japan Boardgame Prize Voters&#39; Selection Winner</a></li>\r\n	<li><a href=\"https://boardgamegeek.com/boardgamehonor/64778/2014-japan-boardgame-prize-u-more-award-nominee\">2014 Japan Boardgame Prize U-more Award Nominee</a></li>\r\n	<li><a href=\"https://boardgamegeek.com/boardgamehonor/26871/2014-golden-geek-board-game-year-winner\">2014 Golden Geek Board Game of the Year Winner</a></li>\r\n	<li><a href=\"https://boardgamegeek.com/boardgamehonor/26773/2014-golden-geek-board-game-year-nominee\">2014 Golden Geek Board Game of the Year Nominee</a></li>\r\n	<li><a href=\"https://boardgamegeek.com/boardgamehonor/26878/2014-golden-geek-best-family-board-game-winner\">2014 Golden Geek Best Family Board Game Winner</a></li>\r\n	<li><a href=\"https://boardgamegeek.com/boardgamehonor/26781/2014-golden-geek-best-family-board-game-nominee\">2014 Golden Geek Best Family Board Game Nominee</a></li>\r\n	<li><a href=\"https://boardgamegeek.com/boardgamehonor/26776/2014-golden-geek-best-board-game-artwork-presentat\">2014 Golden Geek Best Board Game Artwork &amp; Presentation Nominee</a></li>\r\n	<li><a href=\"https://boardgamegeek.com/boardgamehonor/61416/2014-board-game-quest-awards-best-family-game-winn\">2014 Board Game Quest Awards Best Family Game Winner</a></li>\r\n	<li><a href=\"https://boardgamegeek.com/boardgamehonor/61412/2014-board-game-quest-awards-best-family-game-nomi\">2014 Board Game Quest Awards Best Family Game Nominee</a></li>\r\n</ul>\r\n\r\n<p><strong>Conclude</strong></p>\r\n\r\n<p>Splendor brings a tactical element, but does not make players think too much or hurt their brains, bringing moments of relaxation and fun with friends. Therefore this is a boardgame that you should not miss.</p>\r\n\r\n<p>Make the most amazing jewels to become the most famous merchant of all!</p>', 1, '2021-10-02 22:57:48', '2021-10-28 08:07:23'),
(15, 20, 'Raids description', '<p>In more detail, the game lasts four rounds, and at the start of each round tiles are laid out at the various locations on the path that all players must follow. On a turn, a player moves to either an empty spot on the path to claim one of the tiles located there or to an occupied spot. In the latter case, the attacking player must sacrifice a viking, then the defending player must sacrifice two vikings or vacate the space; if they sac two vikings, then the attacker must remove three or leave. Eventually, someone must leave.</p>\r\n\r\n<p>You can collect runes with an eye toward having lots of the same type or collect goods to sell at the end of the round. You might gather axes to give you better odds against monsters. You can collect more vikings for your crew.</p>\r\n\r\n<p>At the end of each round, players score majority bonuses depending on the tiles that were revealed before the round started. After four rounds, whoever has the most points wins!</p>\r\n\r\n<p><img alt=\"\" src=\"https://m.media-amazon.com/images/S/aplus-media/vc/a97fb8a1-aa15-4ec5-9b5b-f9a6a445663b._CR0,9,992,307_PT0_SX970__.jpg\" /></p>', 0, '2021-10-16 05:06:05', '2023-03-10 01:12:56'),
(16, 4, 'Cosmic Encounter', '<p><strong>This classic game of alien politics returns from the warp once more!</strong></p>\r\n\r\n<p>In&nbsp;<em><strong>Cosmic Encounter</strong></em>, each player becomes the leader of one of the dozens of alien races, each with its unique power. On a player&#39;s turn, he or she becomes the offense. The offence encounters another player on a planet by moving a group of his or her ships through the hyperspace gate to that planet. Both sides can invite allies and play cards to try and tip the encounter in their favor.</p>\r\n\r\n<p>The object of the game is to establish colonies in other players&#39; planetary systems. The winner(s) is the first player(s) to have five colonies on any planet outside his or her home system. These colonies may all be in one system or scattered over multiple systems. The players must use force, cunning, and diplomacy to ensure their victory. And, because alliances are a key part of the game, multiple players can win together!</p>\r\n\r\n<p>AWARDS &amp; HONORS</p>\r\n\r\n<ul>\r\n	<li><a href=\"https://boardgamegeek.com/boardgamehonor/8356/2009-golden-geek-best-gamers-board-game-nominee\">2009 Golden Geek Best Gamer&#39;s Board Game Nominee</a></li>\r\n	<li><a href=\"https://boardgamegeek.com/boardgamehonor/8420/2009-golden-geek-best-board-game-artworkpresentati\">2009 Golden Geek Best Board Game Artwork/Presentation Nominee</a></li>\r\n</ul>', 1, '2021-07-10 23:57:30', '2021-10-28 08:03:07'),
(17, 3, 'Brain connect', 'Get your brain back on track! In Brain Connect, you need to quickly slide and connect your thoughts in the right order, then be the first to complete the correct action to win. It\'s a race to see who can think and act the fastest! These sliding puzzles have sixteen different starting and stopping points, so creating a clear train of thought is always a new challenge.', 1, '2021-07-10 23:57:30', '2021-10-28 08:03:07'),
(18, 21, 'seven Wonder description', '<p bis_size=\"{&quot;x&quot;:20,&quot;y&quot;:20,&quot;w&quot;:1465,&quot;h&quot;:40,&quot;abs_x&quot;:319,&quot;abs_y&quot;:1114}\">Each wonder has its own strengths and characteristics. After that, you will go through 3 periods: period 1 with the basics and building the foundation; period 2 with growth and then peaked in period 3. Isn&#39;t it amazing? With the 7 wonders , the strategies of each player are also very important. Brown of self-production, yellow of commercial development, green of science and technology, blue of infrastructure, and even red of military-war.</p>\r\n\r\n<p bis_size=\"{&quot;x&quot;:20,&quot;y&quot;:73,&quot;w&quot;:1465,&quot;h&quot;:40,&quot;abs_x&quot;:319,&quot;abs_y&quot;:1167}\">Suitable for family and friends gathering. This game trains reasoning and persuasion skills. You&#39;ll have to convince others that you&#39;re &quot;very good and gentle&quot; while quietly winning by planning a strategy in your head. Won by war, economy or scientific and technical development? It&#39;s up to you. Among the world&#39;s top classics of strategy and ancient history, 7 wonders has won a series of major world titles. A Boardgame will definitely be a big omission if you ignore it.</p>', 0, '2021-11-16 10:51:53', '2023-03-10 01:13:03'),
(19, 22, 'Carcassonne description', '<p><img alt=\"carcassonne boardgame\" src=\"https://www.gameosity.com/wp-content/uploads/2017/11/carcassonne-2.jpg\" /></p>\r\n\r\n<p>Carcassonne is a brick-laying game of the &quot;multi-style&quot; intellectual genre that won the prestigious Spiel de Jahres award in 2001. With many different paths and scoring methods, creating a variety of strategies, corresponding depth. The simple rules of the game make Carcassonne one of the most popular games of modern times.</p>\r\n\r\n<p>Content</p>\r\n\r\n<p>The rich and fertile Carcassonne land dreamed of by nomads, is increasingly expanded and developed in a variety of ways by different elements - knight warriors in the castle, farmers on the wings. the fields, the priests in the temple, the thieves in the streets. And only the smartest and most talented will deserve the glory on Carcassonne!</p>\r\n\r\n<p><img alt=\"carcassonne boardgame\" src=\"https://i.imgur.com/Sx6TaTL.jpg\" /></p>\r\n\r\n<p>How to play</p>\r\n\r\n<p>Each turn you draw a square card and place it in conjunction with other cards available on the table, to expand the land of Carcassonne. You can then choose the right pieces to place on that square card to earn points. You can not place a piece if you want, because if you run out of pieces you will not be placed anymore.</p>\r\n\r\n<p>There are 4 different ways to score in basic Carcassonne.</p>\r\n\r\n<p>Each time you score a point, you will take the piece you have placed back, and can use it to place in the next turn. When the cards run out, the game is over. Each player will receive points throughout the game (thanks to the placement of pieces) and points at the end of the game respectively. The person with the most points wins!</p>\r\n\r\n<p>&nbsp;</p>\r\n\r\n<p>Prize</p>\r\n\r\n<p>2012 Ludo Award Best Board Game Editor&#39;s Choice Winner<br />\r\n2004 Vuoden Peli Family Game of the Year Winner<br />\r\n2004 Vuoden Peli Family Game of the Year Nominee<br />\r\n2004 Hra roku Nominee<br />\r\n2002 rets Spel Best Family Game Winner<br />\r\n2001 Spiel des Jahres Winner<br />\r\n2001 Spiel des Jahres Nominee<br />\r\n2001 Spiel der Spiele Hit mit Freunden Recommended<br />\r\n2001 Nederlandse Spellenprijs Nominee<br />\r\n2001 International Gamers Awards - General Strategy; Multi-player Nominee<br />\r\n2001 Deutscher Spiele Preis Best Family/Adult Game Winner<br />\r\n2000 Meeples&#39; Choice Award<br />\r\nConclude</p>\r\n\r\n<p>If you have called yourself a board game fan, like it or not, you must experience Carcassonne once, to understand one of the monuments of this industry. Not too excellent, but no one can deny the popularity of Carcassonne and the addiction it brings to players. You could be the next to prove it.</p>\r\n\r\n<p>Be the smartest and best to claim glory on Carcassonne!</p>', 0, '2021-11-16 20:17:38', '2023-03-10 01:13:17'),
(20, 23, 'Machi Koro description', '<p>Machi Koro received numerous awards at launch, and has had two major expansions. An indie game based on similar mechanics, Machi Koro Bright Lights, Big City, was launched in 2016.</p>\r\n\r\n<p><img alt=\"Machi Koro Review | Board Game Quest\" src=\"https://www.boardgamequest.com/wp-content/uploads/2015/04/Machi-Koro-Header.jpg\" /></p>\r\n\r\n<p>&nbsp;</p>\r\n\r\n<p><strong>Content</strong></p>\r\n\r\n<p>Welcome to the City of Time. You have just been elected mayor. Congratulation! But the people have a lot of requests for you: jobs, building a park, some cheese factories and even a radio station. A rather difficult task when the city now has only 1 wheat field, a bakery and &hellip; a single dice!</p>\r\n\r\n<p>With your trusty dice and a big dream, you&#39;ll have to build Machi Koro into the biggest city in the region. You need to collect money from city building, public works, or&hellip; steal money from your opponent&#39;s coffee shop! But be careful, they can do the same to you!</p>\r\n\r\n<p><strong>How to play</strong></p>\r\n\r\n<p>Machi Koro is a fast game for 2-4 players. Each player will build their own city to complete all the key constructions before the opponent. On their turn, the player rolls 1 or 2 dice. If the sum of the dice matches the corresponding number on the building, the player gets the house&#39;s capacity; Sometimes even opponents profit from this number. The money in hand will be used by the player to build more new buildings, until one person finishes all the big ones first!</p>\r\n\r\n<p><img alt=\"HƯỚNG DẪN LUẬT BOARD GAME MACHI KORO – Thế Giới Board Game\" src=\"https://hstatic.net/936/1000019936/10/2016/1-24/machi-koro-blue-cards.jpg\" /></p>\r\n\r\n<p><strong>Prize</strong></p>\r\n\r\n<p>Nominees 2015 Spiel des Jahres<br />\r\nNominated 2015 Boardgames Australia Best International Game<br />\r\nNominees 2015 As d&#39;Or - Jeu de l&#39;Ann&eacute;e<br />\r\nShortlist 2014 Lys Grand Public<br />\r\nNominated 2013 Meeples&#39; Choice</p>\r\n\r\n<p><br />\r\n<strong>Conclude</strong></p>\r\n\r\n<p>Machi Koro is a light paced fast paced game for you and up to 3 more of your friends. Once you&#39;ve enjoyed Machi Koro, this fun game might make you wonder if the dining table will ever serve another purpose.</p>\r\n\r\n<p>It is said that you cannot build Rome in one day, but Machi Koro will be built&nbsp;in less than 30 minutes!</p>', 0, '2021-11-16 20:30:44', '2023-03-10 01:13:11'),
(21, 24, 'Baby boo description', NULL, 0, '2023-03-10 09:58:19', '2023-03-11 08:55:32'),
(22, 25, 'Conan and Shinichi Kudo description', NULL, 0, '2023-03-11 09:08:20', '2023-03-11 09:59:14'),
(23, 26, 'BB vantam description', NULL, 0, '2023-03-12 07:48:48', '2023-03-12 11:19:36'),
(24, 27, 'User description', NULL, 0, '2023-03-12 08:09:39', '2023-03-12 11:19:43'),
(25, 28, 'Displays description', NULL, 0, '2023-03-12 11:21:04', '2023-03-15 01:10:57'),
(26, 29, 'sasd description', NULL, 0, '2023-03-12 12:04:16', '2023-03-15 01:10:52'),
(27, 30, 'KING BEE description', NULL, 0, '2023-03-15 01:49:46', '2023-03-15 11:13:15'),
(28, 31, 'vantamz description', NULL, 0, '2023-03-15 11:54:23', '2023-03-15 11:54:58'),
(29, 32, 'gagag description', '<h2 style=\"font-style:italic\">pro hey hey hey</h2>', 0, '2023-03-15 11:56:37', '2023-03-15 12:00:11'),
(30, 33, 'vantam description', '<p><span style=\"font-family:Courier New,Courier,monospace\">zzzzzzzzzzzzzzzzzzzzzzzzzzzzzzzzzzzzzzzzzzzzzzzz</span></p>', 0, '2023-03-15 12:01:51', '2023-03-15 12:14:19'),
(31, 34, 'xffqfq description', NULL, 0, '2023-03-15 12:16:01', '2023-03-15 18:10:25'),
(32, 35, 'vavv description', NULL, 0, '2023-03-15 17:17:50', '2023-03-15 18:10:20');

-- --------------------------------------------------------

--
-- Cấu trúc bảng cho bảng `users`
--

DROP TABLE IF EXISTS `users`;
CREATE TABLE IF NOT EXISTS `users` (
  `id` bigint(20) UNSIGNED NOT NULL AUTO_INCREMENT,
  `name` varchar(255) COLLATE utf8mb4_unicode_ci NOT NULL,
  `email` varchar(100) COLLATE utf8mb4_unicode_ci NOT NULL,
  `password` varchar(255) COLLATE utf8mb4_unicode_ci NOT NULL,
  `email_verified_at` timestamp NULL DEFAULT NULL,
  `remember_token` varchar(100) COLLATE utf8mb4_unicode_ci DEFAULT NULL,
  `role` int(11) NOT NULL DEFAULT '3',
  `status` int(11) NOT NULL DEFAULT '0',
  `created_at` timestamp NULL DEFAULT CURRENT_TIMESTAMP,
  `updated_at` timestamp NULL DEFAULT CURRENT_TIMESTAMP ON UPDATE CURRENT_TIMESTAMP,
  PRIMARY KEY (`id`),
  UNIQUE KEY `email` (`email`)
) ENGINE=MyISAM AUTO_INCREMENT=90 DEFAULT CHARSET=utf8mb4 COLLATE=utf8mb4_unicode_ci;

--
-- Đang đổ dữ liệu cho bảng `users`
--

INSERT INTO `users` (`id`, `name`, `email`, `password`, `email_verified_at`, `remember_token`, `role`, `status`, `created_at`, `updated_at`) VALUES
(1, 'Admin', 'admin@gmail.com', '$2a$12$8KzaF/M.GSZee9Kx16M4B.FbsYfje7yS9YwvOr5YJwlhmVBrQcanW', NULL, NULL, 1, 1, NULL, '2023-03-15 00:55:59'),
(2, 'Hà Quốc Thịnh', 'thinh@gmail.com', '$2a$12$8KzaF/M.GSZee9Kx16M4B.FbsYfje7yS9YwvOr5YJwlhmVBrQcanW', NULL, NULL, 1, 1, '2021-05-28 03:03:50', '2021-11-08 01:59:13'),
(3, 'Trần Thanh Phú', 'ttp@gmail.com', '$2y$10$cUAOiS5zlfwkrZRAackwb.S1GB8x8tcBZegk0pTfP8UxvnYmpeQc2', NULL, NULL, 3, 1, '2021-05-28 20:59:51', '2021-05-28 20:59:51'),
(49, 'La Kỳ Đạt', 'lkd@gmail.com', '$2y$10$GIcCOktQjugYdA9gS8yjnOoH7fFGUP62A0LBGfB3DWqYMUx6SEq9C', NULL, NULL, 3, 0, '2021-06-19 19:26:38', '2023-03-10 01:00:19'),
(43, 'Thanh Duy', 'nhtd@gmail.com', '$2y$10$5jtI3tTjHvfNxMFPCUGOa.8xtGLWGDWNG7KlEgpHLmtKMOI1N.qru', NULL, NULL, 3, 0, '2021-05-31 03:37:46', '2023-03-15 10:14:32'),
(48, 'test123', 'test123@gmail.com', '$2a$12$ZGioREGM1fwJL2rv9i6bROWCkMjwiBufCsHCqDilDhDdd5XZTETn2', NULL, NULL, 3, 1, '2021-06-18 23:24:09', '2021-06-19 03:31:35'),
(50, 'Admin', 'adminn@gmail.com', '$2a$12$8KzaF/M.GSZee9Kx16M4B.FbsYfje7yS9YwvOr5YJwlhmVBrQcanW', NULL, NULL, 1, 0, '2021-06-18 23:24:09', '2023-03-10 01:00:32'),
(54, 'Mã Thiên Thanh', 'thanh123@gmail.com.vn', '$2y$10$3DJtnrRoJc7oxdauETsdpurq8gayCrXMr5LBw2TtJ4ARuazF7FxFO', NULL, NULL, 3, 0, '2021-09-30 21:05:16', '2021-10-16 01:22:56'),
(79, 'Trần Võ Đăng Khoa', 'tvdkhoa180120@gmail.com', '$2y$10$A6AK1.dJbY6btl8PgQgwNO3f/YBcUHFMNdytiGB8cDNXD6zT.6moq', NULL, NULL, 3, 0, '2021-10-31 07:44:01', '2021-11-13 16:56:15'),
(56, 'Võ Minh Tuấn', 'tuanvo@gmail.com.vn', '$2y$10$wM2w4XNkSSfkwebFqFK.rOFHoxVP2ddU/7kNJkoeeqs1Fm2szRpD.', NULL, NULL, 3, 0, '2021-10-04 07:15:48', '2021-10-15 23:12:10'),
(77, 'Hải', 'hai123432@gmail.com', '$2y$10$FJN0hwQ1yUDCQrH.yG.Xi.QzHnfose0WQ/5L6MSHvSqjevYP5Kp7W', NULL, NULL, 2, 0, '2021-10-16 01:03:24', '2021-10-21 07:21:57'),
(59, 'vo minh', 'minhvo@gmail.com', '$2y$10$L4C/CpRsGAoL1lqFqHWY6uAPH3emQzzes3qDCOzzBO6mZvBmLCWzC', NULL, NULL, 3, 0, '2021-10-06 06:27:40', '2023-03-10 01:09:44'),
(68, 'hoa nguyen', 'hoa@gmail.com.vn', '$2y$10$1pQD9KeRx6Jv0l/Sj/Cw4eIXe1hV5QI8ph1sFEX6IFwvhcHTgeX6K', NULL, NULL, 3, 0, '2021-10-08 06:32:58', '2021-10-21 09:10:27'),
(76, 'Trần Võ Đăng Khoa', 'khoatran@sgstar.edu.vn', '$2y$10$igOAML6n6O9x7Bk46bRCzeBwhzn4zgK/n/QHxCXjRFN7NaeTKLEKC', NULL, NULL, 3, 1, '2021-10-11 06:31:46', '2021-11-13 16:57:14'),
(78, 'Hà Quốc Thịnh', 'quocthinh@tkboardgame.com', '$2y$10$s2iNy5EtEz3rYKjXV3Cd4OfW/8D73UigOcj1dza.1jurbe9UqlzbK', NULL, NULL, 3, 1, '2021-10-31 04:51:53', '2021-11-07 17:29:40'),
(80, 'Nguyễn Phan Du', 'nguyenphanduu12@gmail.com', '$2y$10$7x8DTRl.zPkoNoYJGKS7N.34Umumg5DL2TIXDb8DrGrYXg9Pqd/Gm', NULL, NULL, 3, 0, '2021-11-01 09:40:47', '2023-03-10 01:09:25'),
(81, 'uservip', 'dh51900974@student.stu.edu.vn', '$2y$10$Oz0dmVduENvNb6PXIEZAUuo6VKwrYkK/sy39YBVIKf74yqu/DDZri', NULL, NULL, 3, 1, '2023-03-10 00:52:31', '2023-03-12 07:28:20'),
(82, 'svt', 'svt@gmail.com', '$2y$10$pwp/XsPXnxWrzJbEczJk9.JQFsNWxJeI7xP0aYrop4HgUJ.HrdMVG', NULL, NULL, 2, 1, '2023-03-10 08:36:23', '2023-03-10 08:36:23'),
(83, 'nhan vien a', 'nva@gmmail.com', '$2y$10$yxuCwRbVWq1FiHlXxdfAnOzODw.GDQ4ZiictCAJTJWfuBlgvsSFEi', NULL, NULL, 2, 1, '2023-03-10 08:37:07', '2023-03-10 08:37:07'),
(84, 'nhan ven a', 'aaa@gmail.com', '$2y$10$v2ltP27CEUiPpz1SJqU5OOP8jpQbBjbVJyQypG0dj3FckTKJIzGt6', NULL, NULL, 2, 0, '2023-03-10 08:38:04', '2023-03-10 08:38:19'),
(87, 'zzz', 'asdada@gmail.com', '$2y$10$mHMj3oxK4O5J0l4yAs7Eme.Jqgo3V7veniljnQujH9UxYoGzInDrG', NULL, NULL, 2, 0, '2023-03-15 10:48:25', '2023-03-15 11:00:23'),
(86, 'board games', 'boardgames999@gmail.com', '$2y$10$fKqtnYRbLwBqnO5DBgGbYO/Zjgh7DSDHJO7HzIVl62bH2tJI.rQs.', NULL, NULL, 3, 1, '2023-03-15 09:22:14', '2023-03-15 09:22:50'),
(88, 'zuzuzzu', 'aaaaz@gmail.com', '$2y$10$CiDoBABFvRGraJDDQFHN6uaCu1vo3cJJ1Ho2sP1XIIj3yxiOHY80.', NULL, NULL, 2, 0, '2023-03-15 10:58:10', '2023-03-15 11:34:25'),
(89, 'hehezz', 'z@gmail.com', '$2y$10$2.asJloeCYFu5KF64wsu/.rgL.H.ZqSoX1rkLn.s2MB/kbIZoa.ui', NULL, NULL, 2, 0, '2023-03-15 11:01:49', '2023-03-15 11:09:16');

-- --------------------------------------------------------

--
-- Cấu trúc bảng cho bảng `uservoucher`
--

DROP TABLE IF EXISTS `uservoucher`;
CREATE TABLE IF NOT EXISTS `uservoucher` (
  `id` int(11) NOT NULL AUTO_INCREMENT,
  `voucher_id` int(11) NOT NULL,
  `user_id` int(11) NOT NULL,
  `status` int(11) NOT NULL DEFAULT '1',
  `created_at` timestamp NOT NULL DEFAULT CURRENT_TIMESTAMP ON UPDATE CURRENT_TIMESTAMP,
  `updated_at` timestamp NOT NULL DEFAULT '0000-00-00 00:00:00',
  PRIMARY KEY (`id`)
) ENGINE=MyISAM AUTO_INCREMENT=11 DEFAULT CHARSET=utf32 COLLATE=utf32_unicode_ci;

--
-- Đang đổ dữ liệu cho bảng `uservoucher`
--

INSERT INTO `uservoucher` (`id`, `voucher_id`, `user_id`, `status`, `created_at`, `updated_at`) VALUES
(1, 1, 76, 1, '2021-11-08 15:20:58', '2021-11-08 08:20:58'),
(2, 5, 76, 0, '2021-10-28 14:36:25', '2021-10-23 07:02:07'),
(3, 6, 76, 0, '2021-10-28 14:36:27', '2021-10-24 06:58:40'),
(4, 2, 59, 0, '2021-10-23 16:20:48', '2021-10-23 09:18:20'),
(5, 3, 59, 0, '2021-10-28 14:36:30', '2021-10-19 09:01:27'),
(6, 2, 76, 1, '2021-11-08 15:20:59', '2021-11-08 08:20:59'),
(7, 4, 76, 1, '2021-11-07 18:14:32', '2021-11-07 11:14:32'),
(8, 3, 76, 1, '2021-11-08 15:21:00', '2021-11-08 08:21:00'),
(9, 7, 76, 0, '2021-10-28 14:36:40', '2021-10-20 00:37:41'),
(10, 7, 59, 0, '2021-10-28 14:36:41', '2021-10-21 07:39:53');

-- --------------------------------------------------------

--
-- Cấu trúc bảng cho bảng `voucher`
--

DROP TABLE IF EXISTS `voucher`;
CREATE TABLE IF NOT EXISTS `voucher` (
  `id` int(11) NOT NULL AUTO_INCREMENT,
  `name` varchar(100) COLLATE utf32_unicode_ci NOT NULL,
  `image` varchar(150) COLLATE utf32_unicode_ci NOT NULL,
  `voucher_code` varchar(150) COLLATE utf32_unicode_ci DEFAULT NULL,
  `price` int(11) NOT NULL,
  `point` int(11) NOT NULL,
  `quantity` int(11) NOT NULL,
  `status` int(11) NOT NULL DEFAULT '1',
  `created_at` timestamp NOT NULL DEFAULT CURRENT_TIMESTAMP ON UPDATE CURRENT_TIMESTAMP,
  `updated_at` timestamp NULL DEFAULT CURRENT_TIMESTAMP,
  PRIMARY KEY (`id`)
) ENGINE=MyISAM AUTO_INCREMENT=8 DEFAULT CHARSET=utf32 COLLATE=utf32_unicode_ci;

--
-- Đang đổ dữ liệu cho bảng `voucher`
--

INSERT INTO `voucher` (`id`, `name`, `image`, `voucher_code`, `price`, `point`, `quantity`, `status`, `created_at`, `updated_at`) VALUES
(1, 'Voucher 20$', '1678636319.jpg', 'J3DMHNT0DC', 20, 100, 23, 1, '2023-03-12 15:51:59', '2023-03-12 08:51:59'),
(2, 'Voucher 50$', '1636035053.jpg', '0PUDHOHCZP', 50, 250, 4, 1, '2021-11-08 15:20:59', '2021-11-08 08:20:59'),
(3, 'Voucher 100$', '1636035079.jpg', 'MKQ7H16F2I', 100, 69999, 1, 1, '2021-11-08 15:21:00', '2021-11-08 08:21:00'),
(4, 'Voucher 200$', '1636035094.jpg', 'LJCNFW7ZNH', 200, 7777, 4, 1, '2021-11-07 18:14:32', '2021-11-07 11:14:32'),
(5, 'Voucher 350$', '1636035116.jpg', 'VXEMZ81LUR', 350, 99999, 78, 1, '2021-11-04 14:11:56', '2021-11-04 07:11:56'),
(6, 'Voucher 500$', '1636035129.jpg', 'CNEUFNHQPC', 500, 100000, 16, 1, '2021-11-04 14:12:09', '2021-11-04 07:12:09'),
(7, 'Voucher 600$', '1636035593.jpg', 'DQQZQSQ9EJ', 600, 99999, 20, 1, '2021-11-04 14:19:53', '2021-11-04 07:19:53');

--
-- Các ràng buộc cho các bảng đã đổ
--

--
-- Các ràng buộc cho bảng `product`
--
ALTER TABLE `product`
  ADD CONSTRAINT `FK_product_&_supplier` FOREIGN KEY (`supplier_id`) REFERENCES `supplier` (`id`) ON DELETE CASCADE,
  ADD CONSTRAINT `FK_product_&_type` FOREIGN KEY (`product_type_id`) REFERENCES `product_type` (`id`) ON DELETE CASCADE;
COMMIT;

/*!40101 SET CHARACTER_SET_CLIENT=@OLD_CHARACTER_SET_CLIENT */;
/*!40101 SET CHARACTER_SET_RESULTS=@OLD_CHARACTER_SET_RESULTS */;
/*!40101 SET COLLATION_CONNECTION=@OLD_COLLATION_CONNECTION */;
